tblUploadID,tblHaulID,Ship,Gear,HaulNo,StationNumber,Year,Month,Day,Time,ShootLat,ShootLong,HaulLat,HaulLong,ICESrectangle,Depth,Survey,ICESDatabase,Notes
8175,2594,"67BC","TVL",1,"26132",2021,2,10,"1142",54.5416,18.9532,54.5416,18.93,"38G8",66,"BITS_1Q","Y",""
8175,2595,"67BC","TVL",2,"26217",2021,2,11,"0730",54.4117,19.2916,54.4082,19.2617,"37G9",41,"BITS_1Q","Y",""
8175,2596,"67BC","TVL",3,"26216",2021,2,11,"0932",54.4033,19.2867,54.3982,19.26,"37G9",33,"BITS_1Q","Y",""
8175,2597,"67BC","TVL",4,"26015",2021,2,11,"1149",54.4549,19.3416,54.4532,19.3217,"37G9",62,"BITS_1Q","Y",""
8175,2598,"67BC","TVL",6,"26168",2021,2,12,"0740",54.6766,18.815,54.6633,18.8249,"38G8",65,"BITS_1Q","Y",""
8175,2599,"67BC","TVL",7,"26133",2021,2,12,"0950",54.7282,18.7566,54.7132,18.77,"38G8",57,"BITS_1Q","Y",""
8175,2600,"67BC","TVL",11,"25010",2021,2,13,"0730",54.4433,16.0766,54.4316,16.0367,"37G6",26,"BITS_1Q","Y",""
8175,2601,"67BC","TVL",12,"25011",2021,2,13,"0845",54.4082,16.0367,54.4016,15.9967,"37G6",26,"BITS_1Q","Y",""
8175,2602,"67BC","TVL",13,"25009",2021,2,13,"1023",54.3917,15.84,54.3849,15.7982,"37G5",30,"BITS_1Q","Y",""
8175,2603,"67BC","TVL",14,"25008",2021,2,13,"1202",54.3849,15.6317,54.3832,15.59,"37G5",30,"BITS_1Q","Y",""
8175,2604,"67BC","TVL",15,"25041",2021,2,13,"1337",54.43,15.615,54.4217,15.6533,"37G5",45,"BITS_1Q","Y",""
8175,2605,"67BC","TVL",16,"25013",2021,2,15,"0726",54.6417,16.3733,54.6516,16.4117,"38G6",32,"BITS_1Q","Y",""
8175,2606,"67BC","TVL",17,"25014",2021,2,15,"0915",54.685,16.5982,54.6933,16.6367,"38G6",29,"BITS_1Q","Y",""
8175,2607,"67BC","TVL",20,"25463",2021,2,16,"1245",55.2366,17.2582,55.24,17.2983,"39G7",90,"BITS_1Q","Y",""
8175,2608,"67BC","TVL",23,"25364",2021,2,17,"1110",54.9983,17.4567,54.9983,17.4133,"38G7",32,"BITS_1Q","Y",""
8175,2609,"67BC","TVL",31,"26067",2021,2,20,"0717",56.1332,19.5817,56.1482,19.5932,"41G9",64,"BITS_1Q","Y",""
8175,2610,"67BC","TVL",43,"26161",2021,2,22,"1347",55.4799,18.3017,55.4549,18.3099,"39G8",85,"BITS_1Q","Y",""
8175,2611,"67BC","TVL",44,"26101",2021,2,22,"1526",55.4183,18.425,55.4232,18.4682,"39G8",85,"BITS_1Q","Y",""
8175,2612,"67BC","TVL",45,"26286",2021,2,23,"0735",55.63,18.5483,55.6283,18.5066,"40G8",97,"BITS_1Q","Y",""
8175,2613,"67BC","TVL",46,"26110",2021,2,23,"0935",55.5932,18.385,55.5733,18.4033,"40G8",92,"BITS_1Q","Y",""
8175,2614,"67BC","TVL",47,"26212",2021,2,23,"1126",55.5399,18.4133,55.5183,18.425,"40G8",89,"BITS_1Q","Y",""
8175,2615,"67BC","TVL",48,"26166",2021,2,23,"1351",55.3682,18.4283,55.3917,18.4332,"39G8",83,"BITS_1Q","Y",""
8175,2616,"67BC","TVL",51,"26093",2021,2,24,"1239",55.1899,18.5916,55.2017,18.5566,"39G8",85,"BITS_1Q","Y",""
8175,2617,"67BC","TVL",53,"26191",2021,2,25,"0745",54.6683,19.3033,54.6433,19.3066,"38G9",88,"BITS_1Q","Y",""
8175,2618,"67BC","TVL",1,"26281",2021,11,12,"1037",54.4399,19.035,54.4399,19.0616,"37G9",56,"BITS_4Q","Y",""
8175,2619,"67BC","TVL",2,"26218",2021,11,12,"1241",54.4932,19.2232,54.4983,19.2483,"37G9",71,"BITS_4Q","Y",""
8175,2620,"67BC","TVL",3,"26211",2021,11,12,"1430",54.5099,19.3482,54.505,19.3099,"38G9",72,"BITS_4Q","Y",""
8175,2621,"67BC","TVL",4,"25017",2021,11,13,"0735",54.74,16.8667,54.7299,16.8266,"38G6",28,"BITS_4Q","Y",""
8175,2622,"67BC","TVL",5,"25016",2021,11,13,"0952",54.7732,16.8616,54.755,16.8383,"38G6",30,"BITS_4Q","Y",""
8175,2623,"67BC","TVL",6,"25014",2021,11,13,"1154",54.6916,16.6417,54.685,16.6,"38G6",29,"BITS_4Q","Y",""
8175,2624,"67BC","TVL",7,"25013",2021,11,13,"1349",54.6533,16.4133,54.6417,16.375,"38G6",32,"BITS_4Q","Y",""
8175,2625,"67BC","TVL",8,"25008",2021,11,14,"0733",54.3849,15.5717,54.3832,15.6083,"37G5",30,"BITS_4Q","Y",""
8175,2626,"67BC","TVL",9,"25009",2021,11,14,"0926",54.3817,15.7683,54.38,15.72,"37G5",30,"BITS_4Q","Y",""
8175,2627,"67BC","TVL",10,"25011",2021,11,14,"1207",54.4099,16.03,54.405,15.9867,"37G6",26,"BITS_4Q","Y",""
8175,2628,"67BC","TVL",11,"25010",2021,11,14,"1345",54.4382,16.0582,54.4249,16.0183,"37G6",27,"BITS_4Q","Y",""
8175,2629,"67BC","TVL",13,"26274",2021,11,16,"1127",54.8982,18.1816,54.9016,18.225,"38G8",23,"BITS_4Q","Y",""
8175,2630,"67BC","TVL",14,"26005",2021,11,16,"1303",54.8967,18.2016,54.9016,18.2417,"38G8",23,"BITS_4Q","Y",""
8175,2631,"67BC","TVL",15,"26182",2021,11,17,"0737",55.0482,18.335,55.0383,18.3717,"39G8",68,"BITS_4Q","Y",""
8175,2632,"67BC","TVL",16,"26268",2021,11,17,"0946",54.9949,18.5117,54.9799,18.5432,"38G8",70,"BITS_4Q","Y",""
8175,2633,"67BC","TVL",18,"26257",2021,11,17,"1410",54.9399,19.0467,54.9617,19.0416,"38G9",101,"BITS_4Q","Y",""
8175,2634,"67BC","TVL",19,"26266",2021,11,18,"0742",54.8367,18.5117,54.8217,18.5283,"38G8",22,"BITS_4Q","Y",""
8175,2635,"67BC","TVL",20,"26169",2021,11,18,"0922",54.7867,18.675,54.765,18.7016,"38G8",32,"BITS_4Q","Y",""
8175,2636,"67BC","TVL",21,"26133",2021,11,18,"1146",54.7282,18.75,54.7066,18.7732,"38G8",52,"BITS_4Q","Y",""
8175,2637,"67BC","TVL",22,"26168",2021,11,18,"1406",54.6766,18.8167,54.655,18.8333,"38G8",66,"BITS_4Q","Y",""
8175,2638,"67BC","TVL",23,"26264",2021,11,20,"0807",54.42,19.03,54.4183,19.0582,"37G9",41,"BITS_4Q","Y",""
8175,2639,"67BC","TVL",24,"26265",2021,11,20,"0931",54.4333,19.0833,54.435,19.1132,"37G9",49,"BITS_4Q","Y",""
8175,2640,"67BC","TVL",27,"26216",2021,11,21,"0757",54.395,19.245,54.4016,19.2867,"37G9",32,"BITS_4Q","Y",""
8175,2641,"67BC","TVL",29,"26163",2021,11,21,"1151",54.4117,19.2932,54.4117,19.3,"37G9",41,"BITS_4Q","Y",""
8175,2642,"67BC","TVL",32,"26125",2021,11,22,"0957",56.4033,18.6099,56.3832,18.5867,"41G8",75,"BITS_4Q","Y",""
8175,2643,"67BC","TVL",34,"26013",2021,11,22,"1420",56.3917,18.51,56.3699,18.4882,"41G8",44,"BITS_4Q","Y",""
8175,2644,"67BC","TVL",36,"26076",2021,11,23,"0956",56.46,18.6666,56.4467,18.6617,"41G8",75,"BITS_4Q","Y",""
8175,2645,"67BC","TVL",37,"26032",2021,11,23,"1159",56.39,18.5117,56.3733,18.5017,"41G8",45,"BITS_4Q","Y",""
8175,2646,"67BC","TVL",38,"26060",2021,11,24,"0744",55.9866,19.3367,55.9883,19.3583,"40G9",73,"BITS_4Q","Y",""
8175,2647,"67BC","TVL",42,"26267",2021,11,25,"0756",54.9117,18.6116,54.89,18.635,"38G8",48,"BITS_4Q","Y",""
8175,2648,"67BC","TVL",43,"26007",2021,11,25,"1113",54.8583,18.5782,54.8367,18.6067,"38G8",30,"BITS_4Q","Y",""
8175,2649,"67BC","TVL",44,"26020",2021,11,25,"1249",54.7783,18.7133,54.7533,18.7267,"38G8",46,"BITS_4Q","Y",""
8175,2650,"67BC","TVL",45,"26019",2021,11,26,"0848",54.9099,18.605,54.89,18.6332,"38G8",47,"BITS_4Q","Y",""
8177,2656,"77SE","TV3",1,"54",2021,2,20,"0844",55.8706,16.0675,55.8688,16.024,"40G6",55,"BITS","Y","vattenloggen är 3 grader. sitter 5 meter under vattenytan. vaisala är i ytan Svereg_note: ArgosTrack"
8177,2657,"77SE","TV3",2,"55",2021,2,20,"1059",55.7965,15.9501,55.798,15.9208,"40G5",61,"BITS","Y","Svereg_note: Inre U10.0195"
8177,2658,"77SE","TV3",3,"56",2021,2,20,"1312",55.8451,15.5663,55.8316,15.5307,"40G5",39,"BITS","Y","Svereg_note: Klippebank.0196"
8177,2659,"77SE","TV3",4,"57",2021,2,20,"1519",55.7648,15.4275,55.765,15.404,"40G5",62,"BITS","Y","Svereg_note: 3 S Yttertorpet.0197"
8177,2660,"77SE","TV3",5,"59",2021,2,21,"0901",55.2117,13.5916,55.2145,13.6283,"39G3",44,"BITS","Y","Svereg_note: S Ystadkroken.0199"
8177,2661,"77SE","TV3",6,"60",2021,2,21,"1107",55.2683,13.7231,55.2543,13.6862,"39G3",40,"BITS","Y","Svereg_note: Ystadkroken.0200"
8177,2662,"77SE","TV3",7,"61",2021,2,21,"1339",55.2875,13.922,55.2757,13.9597,"39G3",37,"BITS","Y","Svereg_note: E Ystadkroken.0201"
8177,2663,"77SE","TV3",8,"62",2021,2,21,"1521",55.2569,13.9959,55.2605,13.9529,"39G3",37,"BITS","Y","Kurs 267 grader Svereg_note: 8 9 se Klostergrundet.0202"
8177,2664,"77SE","TV3",9,"63",2021,2,22,"0633",55.4585,14.4779,55.4602,14.5101,"39G4",55,"BITS","Y",""
8177,2665,"77SE","TV3",10,"64",2021,2,22,"0908",55.6409,14.6905,55.6426,14.7364,"40G4",61,"BITS","Y","Svereg_note: 14 ENE Simrishamn.0204"
8177,2666,"77SE","TV3",11,"65",2021,2,22,"1058",55.6987,14.8644,55.7135,14.8389,"40G4",53,"BITS","Y","kurs 317 grader Svereg_note: 19 ENE Stens Huvud.0205"
8177,2667,"77SE","TV3",12,"66",2021,2,22,"1331",55.7013,14.3595,55.7184,14.3392,"40G4",33,"BITS","Y","325 grader COG Svereg_note: 3 5 NE Stens Huvud.0206"
8177,2668,"77SE","TV3",13,"68",2021,2,23,"0624",55.7042,14.3838,55.709,14.4189,"40G4",38,"BITS","Y","COG 78Grader Svereg_note: 5 NE Stens Huvud.0208"
8177,2669,"77SE","TV3",14,"69",2021,2,23,"1203",55.8023,15.8025,55.8083,15.846,"40G5",55,"BITS","Y","cog 076 Grader Svereg_note: 5 N Ten.0209"
8177,2670,"77SE","TV3",15,"70",2021,2,23,"1451",55.835,15.9437,55.8459,15.984,"40G5",56,"BITS","Y","Svereg_note: 11 SE Utklippan.0210"
8177,2671,"77SE","TV3",16,"72",2021,2,24,"0805",56.1428,18.3211,56.1633,18.3374,"41G8",75,"BITS","Y","Svereg_note: 15 W Bananbanken.0212"
8177,2672,"77SE","TV3",17,"73",2021,2,24,"1006",56.2235,18.4295,56.2387,18.4549,"41G8",70,"BITS","Y","kurs över grund funkar fortfarande inte45 Svereg_note: 20 S Hoburgs Bank.0213 Svereg_note: 20 S Hobu"
8177,2673,"77SE","TV3",18,"75",2021,2,24,"1417",56.3877,18.6029,56.4106,18.6208,"41G8",77,"BITS","Y","Svereg_note: 10 5 S Hoburg Bank.0215"
8177,2674,"77SE","TV3",19,"77",2021,2,25,"0619",57.0454,18.8251,57.0627,18.832,"43G8",67,"BITS","Y","Subdiv: 28.2 Svereg_note: 10 SE N0217. Fick ett fat med frester i fågsten. Nåt mindre stickprov av s"
8177,2675,"77SE","TV3",20,"78",2021,2,25,"0833",57.1668,18.8292,57.177,18.8702,"43G8",49,"BITS","Y","Subdiv: 28.2 Svereg_note: 4 5 SE När0218"
8177,2676,"77SE","TV3",21,"80",2021,2,25,"1133",57.3014,19.0523,57.319,19.0726,"43G9",67,"BITS","Y","Subdiv: 28.2 Svereg_note: 12 E Ljugarn.0220"
8177,2677,"77SE","TV3",22,"81",2021,2,25,"1338",57.3151,19.1036,57.3352,19.1299,"43G9",75,"BITS","Y","Subdiv: 28.2 Svereg_note: 8 SE Östergarn.0221"
8177,2678,"77SE","TV3",23,"83",2021,2,26,"0635",57.7708,19.482,57.7899,19.4819,"44G9",78,"BITS","Y","Kursen funkar inte Subdiv: 28.2 Svereg_note: 13 SSE F.0223"
8177,2679,"77SE","TV3",24,"84",2021,2,26,"0832",57.8581,19.4743,57.8761,19.5049,"44G9",68,"BITS","Y","Subdiv: 28.2 Svereg_note: 6 5 SE Fårö.0224"
8177,2680,"77SE","TV3",25,"85",2021,2,26,"1012",57.8753,19.4218,57.9001,19.4337,"44G9",48,"BITS","Y","Subdiv: 28.2 Svereg_note: 5 SE Fårö.0225"
8177,2681,"77SE","TV3",26,"86",2021,2,26,"1221",57.8592,19.5269,57.8357,19.5278,"44G9",76,"BITS","Y","Subdiv: 28.2 Svereg_note: 8 SE Fårö.0226"
8177,2682,"77SE","TV3",27,"89",2021,2,27,"0625",57.3633,16.9177,57.3785,16.8922,"43G6",44,"BITS","Y","COG FEL! Svereg_note: 4 NW Byxelkrok.0229"
8177,2683,"77SE","TV3",28,"90",2021,2,27,"0814",57.417,17.022,57.4395,17.0027,"43G7",55,"BITS","Y","COG 330 Svereg_note: 5 N Byxelkrok.0230"
8177,2684,"77SE","TV3",29,"91",2021,2,27,"1035",57.4636,17.0894,57.4818,17.0631,"43G7",66,"BITS","Y","Svereg_note: 3 SW Ölands Norra Grund.0231"
8177,2685,"77SE","TV3",30,"93",2021,2,27,"1522",57.4802,17.5598,57.4568,17.5443,"43G7",77,"BITS","Y","Svereg_note: 5 SSE Knolls Grund.0233"
8177,2686,"77SE","TV3",31,"94",2021,2,28,"0638",57.3442,17.4202,57.3235,17.4182,"43G7",72,"BITS","Y","Svereg_note: 11 ESE Ölands Norra Udde.0234"
8177,2687,"77SE","TV3",32,"95",2021,2,28,"0855",57.1257,17.2895,57.1008,17.2851,"43G7",72,"BITS","Y","195 COG Svereg_note: 7 ESE Högby Fyr.0235"
8177,2688,"77SE","TV3",33,"96",2021,2,28,"1257",57.0749,17.9098,57.0508,17.9172,"43G7",75,"BITS","Y","171 COG Svereg_note: 9 NW Hoburg.0236"
8177,2689,"77SE","TV3",34,"98",2021,3,1,"0642",56.7258,16.9936,56.7017,16.9841,"42G6",66,"BITS","Y","Svereg_note: 9SE Kapelludden.0238"
8177,2690,"77SE","TV3",35,"99",2021,3,1,"0826",56.6937,16.9987,56.6696,16.9866,"42G6",67,"BITS","Y","COG 205 Svereg_note: 10 SSE Kapelludden.0239 Svereg_note: 10 SSE Kapelludden.0239"
8177,2691,"77SE","TV3",36,"100",2021,3,1,"1130",56.4514,16.7784,56.4294,16.7601,"41G6",61,"BITS","Y","203 COG Svereg_note: 6 5 NE Segerstad.0240"
8177,2692,"77SE","TV3",37,"101",2021,3,2,"0628",56.4696,18.6857,56.4517,18.6648,"41G8",75,"BITS","Y","Svereg_note: 8 S Hoburg Bank.0241"
8177,2693,"77SE","TV3",38,"103",2021,3,2,"0947",56.3489,18.4896,56.3284,18.4621,"41G8",54,"BITS","Y","Svereg_note: 14 S Hoburg Bank.0243"
8177,2694,"77SE","TV3",39,"104",2021,3,2,"1207",56.1999,18.3579,56.1766,18.343,"41G8",70,"BITS","Y","Svereg_note: 14 W Bananbanken.0244"
8177,2695,"77SE","TV3",40,"107",2021,3,3,"0717",56.3909,18.4864,56.3699,18.4623,"41G8",38,"BITS","Y","Svereg_note: 11 S Hoburg Bank.0247"
8177,2696,"77SE","TV3",41,"108",2021,3,3,"1038",56.2556,17.8862,56.2372,17.8575,"41G7",47,"BITS","Y","Svereg_note: 18 ENE Norra Midsjöbanken.0248"
8184,2958,"LAIZ","LBT",7,"1",1993,3,25,"0400",55.5833,19.6167,,,"40G9",86,"","N",""
8184,2959,"LAIZ","LBT",8,"1",1993,3,25,"0710",55.5666,19.85,,,"40G9",84,"","N",""
8184,2960,"LAIZ","LBT",10,"1",1993,3,26,"0335",55.0833,19.5833,,,"39G9",92,"","N",""
8184,2961,"LAIZ","LBT",11,"1",1993,3,26,"0800",55.0666,19.8167,,,"39G9",65,"","N",""
8184,2962,"LAIZ","LBT",14,"1",1993,3,27,"0335",55.9166,19.35,,,"40G9",104,"","N",""
8184,2963,"LAIZ","LBT",15,"1",1993,3,27,"0755",55.1833,19.2333,,,"39G9",100,"","N",""
8184,2964,"LAIZ","LBT",16,"1",1993,3,27,"1145",55.35,19.3999,,,"39G9",92,"","N",""
8184,2965,"LAIZ","LBT",19,"1",1993,3,30,"0335",56.5499,20.2333,,,"42H0",95,"","N",""
8184,2966,"LAIZ","LBT",20,"1",1993,3,30,"1210",56.9833,20.7833,,,"42H0",53,"","N",""
8184,2967,"LAIZ","LBT",27,"1",1993,4,1,"0615",57.2,20.6666,,,"43H0",78,"","N",""
8184,2968,"LAIZ","LBT",28,"1",1993,4,1,"0900",57.2333,20.6167,,,"43H0",91,"","N",""
8184,2969,"LAIZ","LBT",29,"1",1993,4,1,"1100",57.2333,20.6167,,,"43H0",95,"","N",""
8184,2970,"LAIZ","LBT",30,"1",1993,4,2,"0910",56.8832,19.9332,,,"42G9",160,"","N",""
8184,2971,"LAIZ","LBT",31,"1",1993,4,3,"0335",56.5833,19.8999,,,"42G9",136,"","N",""
8184,2972,"LAIZ","LBT",32,"1",1993,4,3,"0830",56.3667,19.5333,,,"41G9",140,"","N",""
8184,2973,"LAIZ","LBT",33,"1",1993,4,3,"1200",56.2167,19.2333,,,"41G9",130,"","N",""
8184,2974,"LAIZ","LBT",36,"1",1993,4,4,"0335",56.5167,19.4499,,,"42G9",138,"","N",""
8185,2975,"90MF","DT",1,"1",1994,4,6,"0335",56.3832,19.8832,,,"41G9",95,"","N",""
8185,2976,"90MF","DT",2,"1",1994,4,6,"0535",56.3999,19.8832,,,"41G9",95,"","N",""
8185,2977,"90MF","DT",8,"1",1994,4,7,"0920",57.1833,20.5667,,,"43H0",102,"","N",""
8185,2978,"90MF","DT",9,"1",1994,4,7,"1130",57.1,20.5167,,,"43H0",98,"","N",""
8185,2979,"90MF","DT",11,"1",1994,4,9,"0925",56.6167,20.4666,,,"42H0",78,"","N",""
8185,2980,"90MF","DT",13,"1",1994,4,10,"0335",57.3999,20.7667,,,"43H0",70,"","N",""
8185,2981,"90MF","DT",15,"1",1994,4,10,"0915",57.0666,20.6499,,,"43H0",94,"","N",""
8185,2982,"90MF","DT",16,"1",1994,4,10,"1105",57.0332,20.55,,,"43H0",94,"","N",""
8185,2983,"90MF","DT",17,"1",1994,4,11,"0335",55.6167,20.7333,,,"40H0",50,"","N",""
8185,2984,"90MF","DT",20,"1",1994,4,11,"1140",55.6167,20.3333,,,"40H0",77,"","N",""
8185,2985,"90MF","DT",22,"1",1994,4,12,"0525",55.6666,20.3333,,,"40H0",65,"","N",""
8185,2986,"90MF","DT",23,"1",1994,4,12,"0825",55.7832,20.1499,,,"40H0",65,"","N",""
8186,2987,"90MF","DT",1,"1",1995,3,19,"0335",57.45,21.05,,,"43H1",70,"","N",""
8186,2988,"90MF","DT",3,"1",1995,3,19,"0900",57.4833,21.2333,,,"43H1",71,"","N",""
8186,2989,"90MF","DT",5,"1",1995,3,20,"0335",57.2667,21.1,,,"43H1",61,"","N",""
8186,2990,"90MF","DT",9,"1",1995,3,20,"1220",57.4166,21.0833,,,"43H1",68,"","N",""
8186,2991,"90MF","DT",10,"1",1995,3,21,"0335",57.2832,20.6167,,,"43H0",93,"","N",""
8186,2992,"90MF","DT",11,"1",1995,3,21,"0335",57.2167,20.6832,,,"43H0",79,"","N",""
8186,2993,"90MF","DT",13,"1",1995,3,21,"0740",57.1499,20.6332,,,"43H0",93,"","N",""
8186,2994,"90MF","DT",14,"1",1995,3,21,"0945",57.0499,20.5333,,,"43H0",95,"","N",""
8186,2995,"90MF","DT",15,"1",1995,3,22,"0700",57.2,20.55,,,"43H0",99,"","N",""
8186,2996,"90MF","DT",18,"1",1995,3,23,"0750",56.6167,20.4499,,,"42H0",78,"","N",""
8186,2997,"90MF","DT",19,"1",1995,3,23,"1120",56.5167,20.1666,,,"42H0",103,"","N",""
8186,2998,"90MF","DT",23,"1",1995,3,24,"1210",56.4833,20.0167,,,"41H0",100,"","N",""
8187,2999,"90MF","DT",2,"1",1996,2,2,"0900",55.6,19.05,,,"40G9",89,"","Y",""
8187,3000,"90MF","DT",59,"1",1996,3,15,"0335",56.6332,20.4833,,,"42H0",76,"","Y",""
8187,3001,"90MF","DT",61,"1",1996,3,15,"1008",56.5167,20.2166,,,"42H0",98,"","Y",""
8187,3002,"90MF","DT",62,"1",1996,3,15,"1215",56.5499,20.2833,,,"42H0",90,"","Y",""
8187,3003,"90MF","DT",63,"1",1996,3,16,"0335",56.6167,20.5167,,,"42H0",74,"","Y",""
8187,3004,"90MF","DT",64,"1",1996,3,16,"0548",56.5167,20.25,,,"42H0",99,"","Y",""
8187,3005,"90MF","DT",65,"1",1996,3,16,"0820",56.4667,20.05,,,"41H0",93,"","Y",""
8187,3006,"90MF","DT",66,"1",1996,3,16,"1035",56.3999,19.8832,,,"41G9",99,"","Y",""
8187,3007,"90MF","DT",67,"1",1996,3,16,"1245",56.3999,20.0333,,,"41H0",80,"","Y",""
8187,3008,"90MF","DT",82,"1",1996,3,21,"0335",56.3999,19.8667,,,"41G9",94,"","Y",""
8187,3009,"90MF","DT",83,"1",1996,3,21,"0750",56.1,19.2833,,,"41G9",112,"","Y",""
8187,3010,"90MF","DT",84,"1",1996,3,22,"0335",56.0833,19.8333,,,"41G9",58,"","Y",""
8187,3011,"90MF","DT",85,"1",1996,3,22,"0500",56.0167,19.8,,,"41G9",56,"","Y",""
8187,3012,"90MF","DT",86,"1",1996,3,22,"1145",55.8832,19.0333,,,"40G9",112,"","Y",""
8188,3013,"LA99","LBT",7,"2",1997,12,18,"0335",56.2,19.5333,,,"41G9",80,"","N",""
8188,3014,"LA99","LBT",8,"2",1997,12,18,"0510",56.25,19.6167,,,"41G9",71,"","N",""
8188,3015,"LA99","LBT",10,"2",1997,12,18,"0805",56.35,19.6832,,,"41G9",99,"","N",""
8188,3016,"LA99","LBT",11,"2",1997,12,18,"0930",56.2832,19.5833,,,"41G9",105,"","N",""
8188,3017,"LA99","LBT",14,"2",1997,12,19,"0640",56.5332,20.5167,,,"42H0",55,"","N",""
8188,3018,"LA99","LBT",15,"2",1997,12,19,"0805",56.6,20.5167,,,"42H0",60,"","N",""
8188,3019,"LA99","LBT",16,"2",1997,12,19,"0930",56.6499,20.5167,,,"42H0",75,"","N",""
8188,3020,"LA99","LBT",17,"2",1997,12,20,"0335",56,19.2166,,,"41G9",108,"","N",""
8188,3021,"LA99","LBT",18,"2",1997,12,20,"0510",56,19.35,,,"41G9",83,"","N",""
8188,3022,"LA99","LBT",20,"2",1997,12,20,"0805",56.0666,19.4833,,,"41G9",65,"","N",""
8189,3023,"26D4","TV3",1,"2",2018,3,7,"0547",55.7819,17.6968,55.8055,17.6812,"40G7",57,"BITS","Y",""
8189,3024,"26D4","TV3",2,"4",2018,3,7,"0845",56.069,17.3676,56.0822,17.4055,"41G7",41,"BITS","Y",""
8189,3025,"26D4","TV3",4,"7",2018,3,7,"1257",56.1486,17.7392,56.1437,17.6944,"41G7",51,"BITS","Y",""
8189,3026,"26D4","TV3",5,"9",2018,3,7,"1513",56.2336,17.8647,56.2475,17.9011,"41G7",47,"BITS","Y",""
8189,3027,"26D4","TV3",9,"17",2018,3,8,"1502",56.3842,18.5857,56.4035,18.6155,"41G8",75,"BITS","Y",""
8189,3028,"26D4","TV3",11,"21",2018,3,9,"0731",56.4005,18.5191,56.3791,18.497,"41G8",42,"BITS","Y",""
8189,3029,"26D4","TV3",12,"23",2018,3,9,"0905",56.3419,18.4319,56.323,18.4026,"41G8",41,"BITS","Y",""
8189,3030,"26D4","TV3",13,"25",2018,3,9,"1132",56.1629,18.3359,56.14,18.3189,"41G8",75,"BITS","Y",""
8189,3031,"26D4","TV3",14,"26",2018,3,9,"1425",56.079,17.7722,56.0574,17.7501,"41G7",63,"BITS","Y",""
8189,3032,"26D4","TV3",15,"29",2018,3,10,"0536",55.8016,16.693,55.7775,16.7068,"40G6",48,"BITS","Y",""
8189,3033,"26D4","TV3",16,"31",2018,3,10,"0730",55.7197,16.642,55.7293,16.6817,"40G6",55,"BITS","Y",""
8189,3034,"26D4","TV3",17,"33",2018,3,10,"0954",55.7257,16.6766,55.7346,16.7176,"40G6",52,"BITS","Y",""
8189,3035,"26D4","TV3",18,"35",2018,3,10,"1237",55.6334,16.6902,55.6094,16.6759,"40G6",54,"BITS","Y",""
8189,3036,"26D4","TV3",19,"37",2018,3,10,"1525",55.5818,16.4355,55.5872,16.3921,"40G6",67,"BITS","Y",""
8189,3037,"26D4","TV3",20,"39",2018,3,11,"0539",55.384,16.319,55.359,16.3175,"39G6",70,"BITS","Y",""
8189,3038,"26D4","TV3",25,"49",2018,3,11,"1406",55.0882,15.5054,55.0683,15.5808,"39G5",72,"BITS","Y",""
8189,3039,"26D4","TV3",26,"51",2018,3,12,"0612",54.5778,14.7005,54.593,14.6666,"38G4",38,"BITS","Y",""
8189,3040,"26D4","TV3",27,"53",2018,3,12,"0809",54.6867,14.8081,54.6856,14.85,"38G4",53,"BITS","Y",""
8189,3041,"26D4","TV3",28,"56",2018,3,12,"1336",54.8819,15.1104,54.8894,15.1521,"38G5",60,"BITS","Y",""
8189,3042,"26D4","TV3",38,"76",2018,3,14,"0531",54.6848,15.6335,54.6762,15.6115,"38G5",66,"BITS","Y",""
8189,3043,"26D4","TV3",39,"78",2018,3,14,"0747",54.8378,15.455,54.838,15.4105,"38G5",72,"BITS","Y",""
8189,3044,"26D4","TV3",40,"80",2018,3,14,"1114",54.8018,15.3127,54.7792,15.2936,"38G5",69,"BITS","Y",""
8189,3045,"26D4","TV3",41,"82",2018,3,14,"1410",54.7297,14.9712,54.7532,14.9865,"38G4",60,"BITS","Y",""
8189,3046,"26D4","TV3",42,"86",2018,3,18,"0601",54.6178,14.7794,54.6178,14.7362,"38G4",46,"BITS","Y",""
8189,3047,"26D4","TV3",43,"88",2018,3,18,"1007",54.8055,15,54.8128,14.9628,"38G4",56,"BITS","Y",""
8189,3048,"26D4","TV3",44,"91",2018,3,18,"1235",54.6542,15.138,54.6053,15.0947,"38G5",58,"BITS","Y",""
8189,3049,"26D4","TV3",45,"93",2018,3,18,"1600",54.8337,15.602,54.8421,15.6428,"38G5",76,"BITS","Y",""
8189,3050,"26D4","TV3",46,"106",2018,3,19,"0615",54.8853,15.291,54.8624,15.2736,"38G5",71,"BITS","Y",""
8189,3051,"26D4","TV3",47,"108",2018,3,19,"0837",55.0439,15.2218,55.0581,15.1926,"39G5",53,"BITS","Y",""
8189,3052,"26D4","TV3",48,"110",2018,3,19,"1116",55.0831,15.5177,55.0645,15.5462,"39G5",73,"BITS","Y",""
8189,3053,"26D4","TV3",54,"138",2018,3,20,"1154",55.5347,16.1749,55.5596,16.1817,"40G6",75,"BITS","Y",""
8189,3054,"26D4","TV3",55,"140",2018,3,20,"1424",55.7365,16.3343,55.7614,16.3427,"40G6",63,"BITS","Y",""
8189,3055,"26D4","TV3",56,"155",2018,3,21,"0621",55.8096,16.5375,55.7993,16.4976,"40G6",56,"BITS","Y",""
8189,3056,"26D4","TV3",57,"157",2018,3,21,"0909",55.8217,16.463,55.8263,16.4393,"40G6",57,"BITS","Y",""
8189,3057,"26D4","TV3",58,"159",2018,3,21,"1146",55.8365,16.1963,55.8406,16.1524,"40G6",57,"BITS","Y",""
8189,3058,"26D4","TV3",60,"176",2018,3,22,"0618",55.1081,15.2696,55.1308,15.2904,"39G5",66,"BITS","Y",""
8189,3059,"26D4","TV3",61,"178",2018,3,22,"0842",55.2015,15.207,55.2235,15.1854,"39G5",61,"BITS","Y",""
8189,3060,"26D4","TV3",64,"199",2018,3,23,"0624",55.6555,15.0947,55.6569,15.0497,"40G5",76,"BITS","Y",""
8189,3061,"26D4","TV3",65,"201",2018,3,23,"0838",55.5193,14.9369,55.5296,14.8978,"40G4",75,"BITS","Y",""
8189,3062,"26D4","TV3",67,"205",2018,3,23,"1315",55.4575,14.7159,55.4542,14.6717,"39G4",69,"BITS","Y",""
8191,3113,"26D4","TV3",1,"14",2021,3,3,"0634",55.5775,15.0629,55.5769,15.0131,"40G5",80,"BITS","Y",""
8191,3114,"26D4","TV3",2,"16",2021,3,3,"0850",55.6627,15.2316,55.664,15.2761,"40G5",68,"BITS","Y",""
8191,3115,"26D4","TV3",3,"18",2021,3,3,"1139",55.4915,15.2596,55.4773,15.2215,"39G5",83,"BITS","Y",""
8191,3116,"26D4","TV3",6,"37",2021,3,4,"0621",55.5677,15.5794,55.5422,15.5825,"40G5",72,"BITS","Y",""
8191,3117,"26D4","TV3",7,"39",2021,3,4,"0813",55.5277,15.5108,55.5206,15.5588,"40G5",75,"BITS","Y",""
8191,3118,"26D4","TV3",8,"41",2021,3,4,"1017",55.4936,15.58,55.4712,15.5592,"39G5",81,"BITS","Y",""
8191,3119,"26D4","TV3",9,"43",2021,3,4,"1243",55.4688,15.9067,55.4675,15.9537,"39G5",84,"BITS","Y",""
8191,3120,"26D4","TV3",11,"56",2021,3,5,"0557",55.8731,16.4265,55.8765,16.4692,"40G6",52,"BITS","Y",""
8191,3121,"26D4","TV3",12,"58",2021,3,5,"0852",55.706,16.1792,55.7188,16.2216,"40G6",67,"BITS","Y",""
8191,3122,"26D4","TV3",13,"60",2021,3,5,"1144",55.5833,16.4263,55.588,16.3776,"40G6",67,"BITS","Y",""
8191,3123,"26D4","TV3",14,"62",2021,3,5,"1409",55.3767,16.3191,55.3515,16.3158,"39G6",71,"BITS","Y",""
8191,3124,"26D4","TV3",15,"76",2021,3,6,"0607",55.3125,16.1781,55.2959,16.1456,"39G6",82,"BITS","Y",""
8191,3125,"26D4","TV3",16,"78",2021,3,6,"0820",55.3023,16.0198,55.3211,16.0534,"39G6",87,"BITS","Y",""
8191,3126,"26D4","TV3",18,"82",2021,3,6,"1151",55.1582,16.0648,55.1764,16.0339,"39G6",87,"BITS","Y",""
8191,3127,"26D4","TV3",19,"84",2021,3,6,"1446",55.1135,16.3858,55.0861,16.3793,"39G6",62,"BITS","Y",""
8191,3128,"26D4","TV3",20,"95",2021,3,7,"0603",55.103,15.2665,55.1255,15.2852,"39G5",67,"BITS","Y",""
8191,3129,"26D4","TV3",21,"97",2021,3,7,"0857",55.0441,15.6842,55.0544,15.7234,"39G5",85,"BITS","Y",""
8191,3130,"26D4","TV3",22,"99",2021,3,7,"1136",54.941,15.6498,54.9301,15.6884,"38G5",79,"BITS","Y",""
8191,3131,"26D4","TV3",23,"101",2021,3,7,"1436",54.8859,15.2944,54.8618,15.2745,"38G5",71,"BITS","Y",""
8191,3132,"26D4","TV3",24,"114",2021,3,8,"0622",54.4331,15.1433,54.4324,15.1861,"37G5",32,"BITS","Y",""
8191,3133,"26D4","TV3",25,"117",2021,3,8,"0849",54.5405,15.4449,54.5649,15.4342,"38G5",58,"BITS","Y",""
8191,3134,"26D4","TV3",26,"119",2021,3,8,"1054",54.4572,15.6031,54.4774,15.6285,"37G5",53,"BITS","Y",""
8191,3135,"26D4","TV3",27,"121",2021,3,8,"1237",54.5405,15.7667,54.5527,15.805,"38G5",56,"BITS","Y",""
8191,3136,"26D4","TV3",28,"123",2021,3,8,"1428",54.5686,15.6684,54.5431,15.6655,"38G5",59,"BITS","Y",""
8191,3137,"26D4","TV3",30,"130",2021,3,9,"0951",54.798,15.3104,54.776,15.2899,"38G5",69,"BITS","Y",""
8191,3138,"26D4","TV3",31,"132",2021,3,9,"1208",54.6655,15.5757,54.6758,15.6102,"38G5",66,"BITS","Y",""
8191,3139,"26D4","TV3",33,"134",2021,3,9,"1535",54.7984,15.8695,54.8153,15.9009,"38G5",64,"BITS","Y",""
8191,3140,"26D4","TV3",34,"138",2021,3,10,"0558",54.5394,15.9982,54.5647,15.9905,"38G5",47,"BITS","Y",""
8191,3143,"26D4","TV3",37,"144",2021,3,10,"1147",54.798,16.0078,54.8196,16.0308,"38G6",52,"BITS","Y",""
8191,3144,"26D4","TV3",38,"146",2021,3,10,"1444",54.8787,16.648,54.8847,16.6927,"38G6",20,"BITS","Y",""
8191,3145,"26D4","TV3",39,"148",2021,3,11,"0554",55.2781,16.8673,55.2817,16.9106,"39G6",74,"BITS","Y",""
8191,3146,"26D4","TV3",40,"150",2021,3,11,"0841",55.2349,17.2709,55.2409,17.3165,"39G7",90,"BITS","Y",""
8191,3147,"26D4","TV3",41,"152",2021,3,12,"0601",55.2586,17.3967,55.2584,17.4411,"39G7",89,"BITS","Y",""
8191,3148,"26D4","TV3",42,"154",2021,3,12,"0901",55.3205,17.221,55.3203,17.2646,"39G7",74,"BITS","Y",""
8191,3149,"26D4","TV3",43,"156",2021,3,12,"1206",55.3832,17.3661,55.393,17.4066,"39G7",62,"BITS","Y",""
8191,3150,"26D4","TV3",44,"158",2021,3,13,"0547",55.459,17.1983,55.4585,17.2423,"39G7",40,"BITS","Y",""
8191,3151,"26D4","TV3",45,"160",2021,3,13,"0808",55.4001,17.4389,55.3996,17.4819,"39G7",62,"BITS","Y",""
8191,3152,"26D4","TV3",46,"162",2021,3,13,"1145",55.3903,17.7505,55.3986,17.793,"39G7",75,"BITS","Y",""
8191,3153,"26D4","TV3",47,"164",2021,3,14,"0546",55.5,17.8597,55.5127,17.8798,"40G7",77,"BITS","Y",""
8191,3154,"26D4","TV3",48,"166",2021,3,14,"0827",55.554,17.6003,55.539,17.565,"40G7",42,"BITS","Y",""
8191,3155,"26D4","TV3",49,"168",2021,3,14,"1003",55.6152,17.5946,55.6345,17.6215,"40G7",40,"BITS","Y",""
8191,3156,"26D4","TV3",50,"170",2021,3,14,"1226",55.7826,17.697,55.8063,17.6811,"40G7",58,"BITS","Y",""
8191,3157,"26D4","TV3",51,"172",2021,3,15,"0537",55.8928,17.7293,55.9168,17.7445,"40G7",62,"BITS","Y",""
8191,3158,"26D4","TV3",52,"174",2021,3,15,"0821",56.0867,17.4182,56.0739,17.3796,"41G7",41,"BITS","Y",""
8191,3159,"26D4","TV3",53,"176",2021,3,15,"1214",55.8027,16.6925,55.7783,16.7064,"40G6",49,"BITS","Y",""
8191,3160,"26D4","TV3",54,"178",2021,3,15,"1431",55.6342,16.6898,55.6094,16.6768,"40G6",55,"BITS","Y",""
8191,3161,"26D4","TV3",55,"180",2021,3,16,"0537",55.8663,16.4239,55.8646,16.4688,"40G6",52,"BITS","Y",""
8191,3162,"26D4","TV3",56,"182",2021,3,16,"0754",55.7894,16.6815,55.7638,16.6831,"40G6",52,"BITS","Y",""
8194,3189,"LA99","LBT",1,"1",1998,4,7,"0335",57.7167,21.3999,,,"44H1",52,"","N",""
8194,3190,"LA99","LBT",3,"1",1998,4,7,"0710",57.8333,21.2667,,,"44H1",82,"","N",""
8194,3191,"LA99","LBT",4,"1",1998,4,7,"0905",57.8333,21.1167,,,"44H1",80,"","N",""
8194,3192,"LA99","LBT",6,"1",1998,4,7,"1330",57.4833,21.1499,,,"43H1",68,"","N",""
8194,3193,"LA99","LBT",7,"1",1998,4,7,"1520",57.3667,21.2667,,,"43H1",50,"","N",""
8194,3194,"LA99","LBT",8,"1",1998,4,8,"0335",57.25,21.1167,,,"43H1",60,"","N",""
8194,3195,"LA99","LBT",9,"1",1998,4,8,"0335",57.25,20.7166,,,"43H0",76,"","N",""
8194,3196,"LA99","LBT",10,"1",1998,4,8,"0645",57.1332,20.6666,,,"43H0",85,"","N",""
8194,3197,"LA99","LBT",11,"1",1998,4,8,"0830",57.0833,20.6,,,"43H0",92,"","N",""
8194,3198,"LA99","LBT",13,"1",1998,4,9,"0335",56.6499,20.3,,,"42H0",103,"","N",""
8210,3755,"67BC","TVL",16,"1",2014,3,11,"1110",57.3716,21.2549,,,"43H1",57,"","Y",""
8210,3756,"67BC","TVL",17,"1",2014,3,11,"1240",57.2717,21.1482,,,"43H1",60,"","Y",""
8210,3757,"67BC","TVL",19,"1",2014,3,12,"0635",57.2933,20.9933,,,"43H0",66,"","Y",""
8210,3758,"67BC","TVL",20,"1",2014,3,12,"0750",57.3066,20.9849,,,"43H0",65,"","Y",""
8210,3759,"67BC","TVL",21,"1",2014,3,12,"0910",57.3549,20.885,,,"43H0",62,"","Y",""
8210,3760,"67BC","TVL",27,"1",2014,3,13,"0715",56.6199,20.7083,,,"42H0",40,"","Y",""
8210,3761,"67BC","TVL",1,"1",2014,3,6,"1335",56.13,19.5749,,,"41G9",63,"","Y",""
8210,3762,"67BC","TVL",2,"1",2014,3,6,"1535",56.1916,19.4532,,,"41G9",102,"","Y",""
8210,3763,"67BC","TVL",7,"1",2014,3,8,"0800",56.13,19.875,,,"41G9",62,"","Y",""
8210,3764,"67BC","TVL",8,"1",2014,3,8,"1355",56.6332,20.4316,,,"42H0",76,"","Y",""
8210,3765,"67BC","TVL",10,"1",2014,3,9,"0710",58.0349,21.1033,,,"45H1",71,"","Y",""
8210,3766,"67BC","TVL",12,"1",2014,3,10,"1450",57.7867,21.3782,,,"44H1",72,"","Y",""
8210,3767,"67BC","TVL",13,"1",2014,3,11,"0600",57.5133,21.1017,,,"44H1",66,"","Y",""
8211,3768,"67BC","TVL",1,"1",2013,3,5,"1500",56.3716,19.8233,,,"41G9",91,"","Y",""
8211,3769,"67BC","TVL",1,"2",2013,12,4,"0715",57.9249,21.5717,,,"44H1",53,"","Y",""
8211,3770,"67BC","TVL",1,"3",2013,10,9,"1440",56.1099,19.4166,,,"41G9",47,"","Y",""
8211,3771,"67BC","TVL",2,"1",2013,3,6,"0625",57.7749,21.3933,,,"44H1",70,"","Y",""
8211,3772,"67BC","TVL",2,"2",2013,12,4,"1055",57.78,21.4083,,,"44H1",66,"","Y",""
8211,3773,"67BC","TVL",2,"3",2013,10,9,"1620",56.1199,19.5566,,,"41G9",22,"","Y",""
8211,3774,"67BC","TVL",3,"1",2013,3,6,"0730",57.8282,21.3533,,,"44H1",73,"","Y",""
8211,3775,"67BC","TVL",3,"3",2013,10,10,"0725",56.115,19.93,,,"41G9",18,"","Y",""
8211,3776,"67BC","TVL",4,"1",2013,3,6,"0945",57.8333,21.085,,,"44H1",76,"","Y",""
8211,3777,"67BC","TVL",5,"1",2013,3,6,"1145",57.8716,21.055,,,"44H1",80,"","Y",""
8211,3778,"67BC","TVL",5,"2",2013,12,8,"1250",57.5266,21.42,,,"44H1",27,"","Y",""
8211,3779,"67BC","TVL",6,"2",2013,12,9,"0710",57.3549,21.25,,,"43H1",58,"","Y",""
8211,3780,"67BC","TVL",7,"1",2013,3,7,"0615",57.5332,21.1149,,,"44H1",66,"","Y",""
8211,3781,"67BC","TVL",7,"2",2013,12,9,"0900",57.4733,21.1217,,,"43H1",69,"","Y",""
8211,3782,"67BC","TVL",7,"3",2013,10,11,"1635",56.6417,20.0916,,,"42H0",59,"","Y",""
8211,3783,"67BC","TVL",8,"1",2013,3,7,"0835",57.4316,21.2817,,,"43H1",63,"","Y",""
8211,3784,"67BC","TVL",8,"2",2013,12,9,"1050",57.5383,21.1149,,,"44H1",66,"","Y",""
8211,3785,"67BC","TVL",9,"2",2013,12,9,"1310",57.3117,21.0082,,,"43H1",66,"","Y",""
8211,3786,"67BC","TVL",9,"3",2013,10,12,"1120",56.8549,20.785,,,"42H0",25,"","Y",""
8211,3787,"67BC","TVL",10,"3",2013,10,12,"1620",56.8849,19.75,,,"42G9",22,"","Y",""
8211,3788,"67BC","TVL",11,"1",2013,3,7,"1430",57.3783,20.9017,,,"43H0",59,"","Y",""
8211,3789,"67BC","TVL",11,"2",2013,12,10,"0705",57.2132,21.0883,,,"43H1",49,"","Y",""
8211,3790,"67BC","TVL",12,"3",2013,10,13,"1410",57.115,20.3649,,,"43H0",66,"","Y",""
8211,3791,"67BC","TVL",13,"2",2013,12,10,"1140",57.0533,20.78,,,"43H0",75,"","Y",""
8211,3792,"67BC","TVL",14,"2",2013,12,11,"0705",56.615,20.7032,,,"42H0",39,"","Y",""
8211,3793,"67BC","TVL",14,"3",2013,10,14,"0840",57.365,20.7317,,,"43H0",48,"","Y",""
8211,3794,"67BC","TVL",15,"1",2013,3,8,"1000",57.27,21.02,,,"43H1",64,"","Y",""
8211,3795,"67BC","TVL",15,"2",2013,12,11,"0805",56.6349,20.7283,,,"42H0",41,"","Y",""
8211,3796,"67BC","TVL",16,"1",2013,3,8,"1150",57.2083,21.1099,,,"43H1",46,"","Y",""
8211,3797,"67BC","TVL",16,"2",2013,12,11,"0950",56.6383,20.5833,,,"42H0",62,"","Y",""
8211,3798,"67BC","TVL",17,"3",2013,10,15,"0810",57.6133,20.2633,,,"44H0",74,"","Y",""
8211,3799,"67BC","TVL",18,"1",2013,3,9,"0555",56.9917,20.8,,,"42H0",70,"","Y",""
8211,3800,"67BC","TVL",18,"3",2013,10,15,"1300",57.575,21.0817,,,"44H1",40,"","Y",""
8211,3801,"67BC","TVL",19,"1",2013,3,9,"0725",57.0617,20.7732,,,"43H0",70,"","Y",""
8211,3802,"67BC","TVL",21,"1",2013,3,10,"0645",56.6683,20.7433,,,"42H0",43,"","Y",""
8211,3803,"67BC","TVL",22,"1",2013,3,10,"0755",56.6467,20.7467,,,"42H0",41,"","Y",""
8211,3804,"67BC","TVL",23,"1",2013,3,10,"0920",56.6267,20.7032,,,"42H0",38,"","Y",""
8211,3805,"67BC","TVL",24,"1",2013,3,10,"1255",56.6267,20.6316,,,"42H0",46,"","Y",""
8211,3806,"67BC","TVL",28,"1",2013,3,12,"0545",55.6617,20.2817,,,"40H0",71,"","Y",""
8211,3807,"67BC","TVL",29,"1",2013,3,12,"0745",55.64,20.1533,,,"40H0",74,"","Y",""
8211,3808,"67BC","TVL",30,"1",2013,3,12,"0935",55.7517,20.2182,,,"40H0",61,"","Y",""
8211,3809,"67BC","TVL",31,"1",2013,3,12,"1125",55.7832,20.0683,,,"40H0",67,"","Y",""
8211,3810,"67BC","TVL",32,"1",2013,3,12,"1315",55.7066,19.9732,,,"40G9",78,"","Y",""
8212,3811,"LTDA","PEL",1,"3",2012,5,31,"1231",57.3466,20.1717,,,"43H0",74,"","Y",""
8212,3812,"LTDA","PEL",3,"3",2012,6,1,"0825",58.3817,20.9732,,,"45H0",65,"","Y",""
8212,3813,"LTDA","PEL",7,"3",2012,6,5,"2003",56.1349,19.2166,,,"41G9",76,"","Y",""
8212,3814,"LTDA","PEL",8,"3",2012,6,6,"2010",56.38,19.3966,,,"41G9",76,"","Y",""
8213,3815,"67BC","TVL",1,"2",2012,12,3,"1400",56.1983,19.4633,,,"41G9",102,"","Y",""
8213,3816,"67BC","TVL",2,"1",2012,3,6,"1515",56.1717,19.91,,,"41G9",61,"","Y",""
8213,3817,"67BC","TVL",2,"2",2012,12,4,"0710",57.3532,20.585,,,"43H0",91,"","Y",""
8213,3818,"67BC","TVL",3,"2",2012,12,4,"1015",57.1933,20.6717,,,"43H0",83,"","Y",""
8213,3819,"67BC","TVL",6,"1",2012,3,7,"1125",57.93,21.5032,,,"44H1",58,"","Y",""
8213,3820,"67BC","TVL",6,"2",2012,12,6,"0705",57.46,21.245,,,"43H1",66,"","Y",""
8213,3821,"67BC","TVL",7,"2",2012,12,6,"0940",57.3682,21.2532,,,"43H1",55,"","Y",""
8213,3822,"67BC","TVL",8,"1",2012,3,8,"0630",57.45,21.2667,,,"43H1",66,"","Y",""
8213,3823,"67BC","TVL",8,"2",2012,12,6,"1220",57.2982,20.9983,,,"43H0",65,"","Y",""
8213,3824,"67BC","TVL",9,"2",2012,12,7,"0750",57.02,20.9783,,,"43H0",30,"","Y",""
8213,3825,"67BC","TVL",10,"2",2012,12,7,"1025",57.055,20.6383,,,"43H0",87,"","Y",""
8213,3826,"67BC","TVL",11,"1",2012,3,8,"1210",57.2817,21.0066,,,"43H1",65,"","Y",""
8213,3827,"67BC","TVL",13,"2",2012,12,8,"0755",56.6283,20.7232,,,"42H0",39,"","Y",""
8213,3828,"67BC","TVL",14,"2",2012,12,8,"0920",56.615,20.55,,,"42H0",65,"","Y",""
8213,3829,"67BC","TVL",15,"1",2012,3,9,"0910",57.2216,20.6733,,,"43H0",82,"","Y",""
8213,3830,"67BC","TVL",15,"2",2012,12,8,"1220",56.46,20.0883,,,"41H0",86,"","Y",""
8213,3831,"67BC","TVL",16,"2",2012,12,8,"1355",56.4583,19.815,,,"41G9",113,"","Y",""
8213,3832,"67BC","TVL",20,"2",2012,12,9,"0745",56.4416,18.66,,,"41G8",80,"","Y",""
8213,3833,"67BC","TVL",21,"1",2012,3,10,"1115",56.6283,20.68,,,"42H0",43,"","Y",""
8213,3834,"67BC","TVL",26,"1",2012,3,12,"1255",55.7017,19.9732,,,"40G9",76,"","Y",""
8214,3835,"67BC","TVL",1,"1",2009,3,5,"1325",56.1882,19.9217,,,"41G9",61,"","Y",""
8214,3836,"67BC","TVL",2,"1",2009,3,5,"1615",56.405,20.0966,,,"41H0",79,"","Y",""
8214,3837,"67BC","TVL",3,"1",2009,3,6,"0625",58.0332,20.9933,,,"45H0",77,"","Y",""
8214,3838,"67BC","TVL",4,"1",2009,3,6,"1000",57.9266,21.4882,,,"44H1",58,"","Y",""
8214,3839,"67BC","TVL",5,"1",2009,3,6,"1355",57.7717,21.4033,,,"44H1",71,"","Y",""
8214,3840,"67BC","TVL",6,"1",2009,3,7,"0625",57.4966,21.42,,,"43H1",24,"","Y",""
8214,3841,"67BC","TVL",7,"1",2009,3,7,"0815",57.4149,21.26,,,"43H1",64,"","Y",""
8214,3842,"67BC","TVL",9,"1",2009,3,7,"1235",57.2732,21.0066,,,"43H1",62,"","Y",""
8214,3843,"67BC","TVL",10,"1",2009,3,7,"1355",57.3183,20.9549,,,"43H0",62,"","Y",""
8214,3844,"67BC","TVL",16,"1",2009,3,8,"0645",57.0516,21.0317,,,"43H1",30,"","Y",""
8214,3845,"67BC","TVL",17,"1",2009,3,8,"0840",57.0467,20.7749,,,"43H0",72,"","Y",""
8214,3846,"67BC","TVL",19,"1",2009,3,9,"0805",56.77,20.7267,,,"42H0",49,"","Y",""
8214,3847,"67BC","TVL",20,"1",2009,3,9,"1000",56.6417,20.6583,,,"42H0",51,"","Y",""
8214,3848,"67BC","TVL",22,"1",2009,3,9,"1235",56.63,20.71,,,"42H0",41,"","Y",""
8214,3849,"67BC","TVL",23,"1",2009,3,10,"0755",56.5583,20.43,,,"42H0",73,"","Y",""
8214,3850,"67BC","TVL",24,"1",2009,3,10,"1005",56.5349,20.2582,,,"42H0",90,"","Y",""
8214,3851,"67BC","TVL",25,"1",2009,3,10,"1203",56.5183,20.2366,,,"42H0",90,"","Y",""
8214,3852,"67BC","TVL",26,"1",2009,3,11,"0735",55.7017,19.9666,,,"40G9",76,"","Y",""
8214,3853,"67BC","TVL",27,"1",2009,3,11,"1040",55.7899,20.07,,,"40H0",66,"","Y",""
8214,3854,"67BC","TVL",28,"1",2009,3,11,"1240",55.7667,20.2117,,,"40H0",62,"","Y",""
8214,3855,"67BC","TVL",29,"1",2009,3,12,"0735",55.655,20.2716,,,"40H0",70,"","Y",""
8215,3856,"67BC","TVL",1,"1",2008,3,4,"0750",56.935,20.3832,,,"42H0",80,"","Y",""
8215,3857,"67BC","TVL",1,"2",2008,12,3,"1210",56.2049,19.9283,,,"41G9",65,"","Y",""
8215,3858,"67BC","TVL",2,"1",2008,3,4,"1140",57.0332,20.7833,,,"43H0",71,"","Y",""
8215,3859,"67BC","TVL",2,"2",2008,12,4,"0735",57.7783,21.4117,,,"44H1",65,"","Y",""
8215,3860,"67BC","TVL",3,"2",2008,12,5,"0715",57.4733,21.1167,,,"43H1",71,"","Y",""
8215,3861,"67BC","TVL",4,"1",2008,3,5,"0725",57.185,20.6816,,,"43H0",83,"","Y",""
8215,3862,"67BC","TVL",4,"2",2008,12,5,"1045",57.2233,20.9716,,,"43H0",41,"","Y",""
8215,3863,"67BC","TVL",5,"1",2008,3,5,"0910",57.2066,20.7283,,,"43H0",77,"","Y",""
8215,3864,"67BC","TVL",5,"2",2008,12,5,"1225",57.305,20.9866,,,"43H0",68,"","Y",""
8215,3865,"67BC","TVL",6,"1",2008,3,5,"1040",57.2466,20.8082,,,"43H0",47,"","Y",""
8215,3866,"67BC","TVL",6,"2",2008,12,5,"1355",57.2817,20.9833,,,"43H0",64,"","Y",""
8215,3867,"67BC","TVL",7,"1",2008,3,5,"1325",57.325,20.6083,,,"43H0",84,"","Y",""
8215,3868,"67BC","TVL",8,"1",2008,3,6,"1555",58.0349,21.02,,,"45H1",78,"","Y",""
8215,3869,"67BC","TVL",9,"1",2008,3,7,"0625",57.8699,21.3317,,,"44H1",70,"","Y",""
8215,3870,"67BC","TVL",9,"2",2008,12,6,"0705",57.3682,20.5883,,,"43H0",88,"","Y",""
8215,3871,"67BC","TVL",10,"1",2008,3,7,"0820",57.7732,21.4149,,,"44H1",67,"","Y",""
8215,3872,"67BC","TVL",10,"2",2008,12,6,"1050",57.06,20.78,,,"43H0",78,"","Y",""
8215,3873,"67BC","TVL",11,"1",2008,3,7,"1100",57.7083,21.1883,,,"44H1",44,"","Y",""
8215,3874,"67BC","TVL",12,"1",2008,3,8,"0615",57.3299,21.0416,,,"43H1",65,"","Y",""
8215,3875,"67BC","TVL",12,"2",2008,12,7,"0700",56.9983,20.765,,,"42H0",57,"","Y",""
8215,3876,"67BC","TVL",13,"1",2008,3,8,"0900",57.2982,20.9983,,,"43H0",63,"","Y",""
8215,3877,"67BC","TVL",13,"2",2008,12,7,"0940",56.9532,20.39,,,"42H0",90,"","Y",""
8215,3878,"67BC","TVL",14,"1",2008,3,8,"1055",57.25,20.995,,,"43H0",47,"","Y",""
8215,3879,"67BC","TVL",14,"2",2008,12,7,"1255",56.6582,20.43,,,"42H0",79,"","Y",""
8215,3880,"67BC","TVL",15,"1",2008,3,8,"1230",57.2299,20.9217,,,"43H0",30,"","Y",""
8215,3881,"67BC","TVL",15,"2",2008,12,8,"0655",56.645,20.6033,,,"42H0",58,"","Y",""
8215,3882,"67BC","TVL",16,"1",2008,3,8,"1520",57.0666,20.6367,,,"43H0",88,"","Y",""
8215,3883,"67BC","TVL",16,"2",2008,12,8,"0820",56.6116,20.5949,,,"42H0",55,"","Y",""
8215,3884,"67BC","TVL",17,"1",2008,3,9,"0610",57,20.8017,,,"43H0",70,"","Y",""
8215,3885,"67BC","TVL",17,"2",2008,12,8,"1050",56.6216,20.5432,,,"42H0",65,"","Y",""
8215,3886,"67BC","TVL",18,"1",2008,3,9,"1030",56.685,20.4217,,,"42H0",73,"","Y",""
8215,3887,"67BC","TVL",18,"2",2008,12,8,"1210",56.5966,20.5167,,,"42H0",67,"","Y",""
8215,3888,"67BC","TVL",19,"1",2008,3,9,"1240",56.6433,20.5749,,,"42H0",62,"","Y",""
8215,3889,"67BC","TVL",20,"2",2008,12,9,"0840",56.39,20.085,,,"41H0",78,"","Y",""
8215,3890,"67BC","TVL",21,"1",2008,3,9,"1540",56.5949,20.5117,,,"42H0",66,"","Y",""
8215,3891,"67BC","TVL",21,"2",2008,12,9,"1220",56.2582,19.6733,,,"41G9",74,"","Y",""
8215,3892,"67BC","TVL",22,"1",2008,3,10,"0805",56.6366,20.4433,,,"42H0",75,"","Y",""
8215,3893,"67BC","TVL",24,"1",2008,3,10,"1150",56.4016,20.2382,,,"41H0",67,"","Y",""
8215,3894,"67BC","TVL",25,"1",2008,3,10,"1430",56.3933,20.09,,,"41H0",80,"","Y",""
8215,3895,"67BC","TVL",25,"2",2008,12,10,"0710",55.9833,19.3233,,,"40G9",75,"","Y",""
8215,3896,"67BC","TVL",26,"2",2008,12,10,"1145",55.8033,20.07,,,"40H0",65,"","Y",""
8215,3897,"67BC","TVL",27,"1",2008,3,11,"0625",56.2717,19.6533,,,"41G9",73,"","Y",""
8215,3898,"67BC","TVL",27,"2",2008,12,10,"1315",55.795,20.2182,,,"40H0",60,"","Y",""
8215,3899,"67BC","TVL",28,"1",2008,3,11,"1405",56.1482,19.84,,,"41G9",58,"","Y",""
8215,3900,"67BC","TVL",28,"2",2008,12,11,"0700",55.655,20.2716,,,"40H0",72,"","Y",""
8215,3901,"67BC","TVL",29,"1",2008,3,12,"0610",55.7832,20.07,,,"40H0",67,"","Y",""
8215,3902,"67BC","TVL",29,"2",2008,12,11,"0830",55.6417,20.155,,,"40H0",75,"","Y",""
8215,3903,"67BC","TVL",30,"1",2008,3,12,"0800",55.7083,19.9732,,,"40G9",78,"","Y",""
8215,3904,"67BC","TVL",31,"1",2008,3,12,"1010",55.645,20.155,,,"40H0",75,"","Y",""
8216,3905,"67BC","TVL",1,"1",2007,3,3,"1215",55.7683,20.3333,,,"40H0",55,"","Y",""
8216,3906,"67BC","TVL",2,"1",2007,3,3,"1450",55.6833,20.055,,,"40H0",76,"","Y",""
8216,3907,"67BC","TVL",2,"2",2007,12,4,"1120",56.3549,18.5416,,,"41G8",77,"","Y",""
8216,3908,"67BC","TVL",3,"1",2007,3,4,"0625",57.0133,20.5416,,,"43H0",77,"","Y",""
8216,3909,"67BC","TVL",4,"1",2007,3,4,"0930",56.9917,20.8033,,,"42H0",64,"","Y",""
8216,3910,"67BC","TVL",4,"2",2007,12,5,"0750",56.4433,18.66,,,"41G8",77,"","Y",""
8216,3911,"67BC","TVL",5,"2",2007,12,5,"0925",56.465,18.6816,,,"41G8",72,"","Y",""
8216,3912,"67BC","TVL",8,"1",2007,3,5,"0615",58.0349,21.0283,,,"45H1",75,"","Y",""
8216,3913,"67BC","TVL",8,"2",2007,12,9,"1025",57.1417,20.6682,,,"43H0",82,"","Y",""
8216,3914,"67BC","TVL",9,"1",2007,3,5,"0815",57.9833,21.2532,,,"44H1",71,"","Y",""
8216,3915,"67BC","TVL",9,"2",2007,12,9,"1150",57.2032,20.7166,,,"43H0",75,"","Y",""
8216,3916,"67BC","TVL",10,"1",2007,3,5,"1050",57.9249,21.5082,,,"44H1",58,"","Y",""
8216,3917,"67BC","TVL",10,"2",2007,12,9,"1340",57.2267,20.675,,,"43H0",80,"","Y",""
8216,3918,"67BC","TVL",11,"2",2007,12,10,"0650",57.0367,20.7783,,,"43H0",70,"","Y",""
8216,3919,"67BC","TVL",12,"2",2007,12,10,"0900",57.0033,20.7983,,,"43H0",71,"","Y",""
8216,3920,"67BC","TVL",13,"1",2007,3,6,"0905",57.3633,21.2083,,,"43H1",67,"","Y",""
8216,3921,"67BC","TVL",17,"1",2007,3,7,"1020",57.2982,20.6967,,,"43H0",73,"","Y",""
8216,3922,"67BC","TVL",18,"1",2007,3,7,"1215",57.2216,20.7467,,,"43H0",58,"","Y",""
8216,3923,"67BC","TVL",18,"2",2007,12,11,"1235",56.5017,20.2166,,,"42H0",89,"","Y",""
8216,3924,"67BC","TVL",19,"2",2007,12,12,"0700",56.3532,20.195,,,"41H0",54,"","Y",""
8216,3925,"67BC","TVL",20,"1",2007,3,8,"0605",57.3183,21.0399,,,"43H1",66,"","Y",""
8216,3926,"67BC","TVL",21,"1",2007,3,8,"0810",57.2567,21.0867,,,"43H1",60,"","Y",""
8216,3927,"67BC","TVL",22,"1",2007,3,8,"0955",57.2117,21.1383,,,"43H1",36,"","Y",""
8216,3928,"67BC","TVL",23,"1",2007,3,8,"1215",57.0799,21.1316,,,"43H1",34,"","Y",""
8216,3929,"67BC","TVL",24,"1",2007,3,8,"1355",57.0416,21.0982,,,"43H1",30,"","Y",""
8216,3930,"67BC","TVL",24,"2",2007,12,13,"1020",55.7849,20.0683,,,"40H0",65,"","Y",""
8216,3931,"67BC","TVL",25,"2",2007,12,13,"1255",55.645,20.1517,,,"40H0",74,"","Y",""
8216,3932,"67BC","TVL",26,"1",2007,3,9,"0605",56.6749,20.7433,,,"42H0",42,"","Y",""
8216,3933,"67BC","TVL",27,"1",2007,3,9,"0820",56.64,20.585,,,"42H0",58,"","Y",""
8216,3934,"67BC","TVL",28,"1",2007,3,9,"1050",56.5966,20.51,,,"42H0",64,"","Y",""
8216,3935,"67BC","TVL",30,"1",2007,3,10,"0700",56.1983,19.9083,,,"41G9",60,"","Y",""
8216,3936,"67BC","TVL",31,"1",2007,3,10,"0935",56.2582,19.6933,,,"41G9",72,"","Y",""
8217,3937,"67BC","TVL",1,"1",2006,3,5,"0955",55.7117,19.9983,,,"40G9",74,"","Y",""
8217,3938,"67BC","TVL",1,"2",2006,12,2,"1055",56.0217,18.94,,,"41G8",120,"","Y",""
8217,3939,"67BC","TVL",2,"1",2006,3,5,"1145",55.6766,20.0883,,,"40H0",76,"","Y",""
8217,3940,"67BC","TVL",3,"1",2006,3,5,"1400",55.6617,20.2967,,,"40H0",70,"","Y",""
8217,3941,"67BC","TVL",3,"2",2006,12,3,"0715",56.365,18.52,,,"41G8",55,"","Y",""
8217,3942,"67BC","TVL",4,"1",2006,3,6,"0700",55.7849,20.2117,,,"40H0",58,"","Y",""
8217,3943,"67BC","TVL",4,"2",2006,12,3,"1010",56.375,18.4882,,,"41G8",43,"","Y",""
8217,3944,"67BC","TVL",5,"1",2006,3,6,"0945",55.8667,20.0867,,,"40H0",60,"","Y",""
8217,3945,"67BC","TVL",5,"2",2006,12,3,"1200",56.4483,18.6666,,,"41G8",76,"","Y",""
8217,3946,"67BC","TVL",6,"1",2006,3,6,"1335",56.1167,19.8533,,,"41G9",58,"","Y",""
8217,3947,"67BC","TVL",6,"2",2006,12,3,"1335",56.4632,18.6832,,,"41G8",75,"","Y",""
8217,3948,"67BC","TVL",7,"1",2006,3,7,"0650",56.3733,19.495,,,"41G9",142,"","Y",""
8217,3949,"67BC","TVL",7,"2",2006,12,4,"0720",55.71,20.05,,,"40H0",72,"","Y",""
8217,3950,"67BC","TVL",8,"1",2006,3,7,"1035",56.4333,20.0833,,,"41H0",82,"","Y",""
8217,3951,"67BC","TVL",8,"2",2006,12,4,"0920",55.7999,20.2767,,,"40H0",55,"","Y",""
8217,3952,"67BC","TVL",9,"2",2006,12,5,"0750",57.2299,21.1567,,,"43H1",41,"","Y",""
8217,3953,"67BC","TVL",10,"1",2006,3,8,"0605",56.6349,20.635,,,"42H0",52,"","Y",""
8217,3954,"67BC","TVL",10,"2",2006,12,6,"0710",57.0767,21.1367,,,"43H1",34,"","Y",""
8217,3955,"67BC","TVL",11,"1",2006,3,8,"0850",56.6366,20.4349,,,"42H0",75,"","Y",""
8217,3956,"67BC","TVL",11,"2",2006,12,6,"0915",57.0383,21.1083,,,"43H1",30,"","Y",""
8217,3957,"67BC","TVL",12,"1",2006,3,8,"1135",56.77,20.7732,,,"42H0",45,"","Y",""
8217,3958,"67BC","TVL",13,"1",2006,3,8,"1515",57.03,20.5383,,,"43H0",80,"","Y",""
8217,3959,"67BC","TVL",14,"2",2006,12,7,"0710",56.685,20.7667,,,"42H0",41,"","Y",""
8217,3960,"67BC","TVL",15,"2",2006,12,7,"0855",56.6649,20.7817,,,"42H0",37,"","Y",""
8217,3961,"67BC","TVL",16,"2",2006,12,7,"1135",56.625,20.6767,,,"42H0",43,"","Y",""
8217,3962,"67BC","TVL",17,"1",2006,3,9,"0935",57.1967,20.6717,,,"43H0",83,"","Y",""
8217,3963,"67BC","TVL",17,"2",2006,12,7,"1335",56.6366,20.6332,,,"42H0",52,"","Y",""
8217,3964,"67BC","TVL",18,"2",2006,12,8,"0715",56.6882,20.43,,,"42H0",68,"","Y",""
8217,3965,"67BC","TVL",20,"1",2006,3,9,"1445",57.3566,20.6917,,,"43H0",71,"","Y",""
8217,3966,"67BC","TVL",21,"1",2006,3,10,"0610",57.3299,20.9217,,,"43H0",63,"","Y",""
8217,3967,"67BC","TVL",22,"1",2006,3,10,"0940",57.3866,21.2467,,,"43H1",56,"","Y",""
8217,3968,"67BC","TVL",23,"2",2006,12,9,"1000",56.3149,19.5467,,,"41G9",116,"","Y",""
8217,3969,"67BC","TVL",24,"1",2006,3,10,"1315",57.3449,21.21,,,"43H1",66,"","Y",""
8217,3970,"67BC","TVL",24,"2",2006,12,9,"1210",56.2633,19.6649,,,"41G9",70,"","Y",""
8217,3971,"67BC","TVL",25,"1",2006,3,11,"0650",58.0499,21.0167,,,"45H1",73,"","Y",""
8217,3972,"67BC","TVL",25,"2",2006,12,10,"0710",56.2017,19.9283,,,"41G9",58,"","Y",""
8217,3973,"67BC","TVL",26,"1",2006,3,11,"1000",57.89,21.3767,,,"44H1",64,"","Y",""
8217,3974,"67BC","TVL",26,"2",2006,12,10,"0920",56.1349,19.8099,,,"41G9",58,"","Y",""
8217,3975,"67BC","TVL",27,"1",2006,3,11,"1120",57.8832,21.3082,,,"44H1",71,"","Y",""
8217,3976,"67BC","TVL",28,"1",2006,3,12,"0655",57.3933,20.93,,,"43H0",51,"","Y",""
8218,3977,"LA99","TVS",1,"1",2005,3,10,"0820",55.9513,20.4768,,,"40H0",37,"","Y",""
8218,3978,"LA99","TVS",1,"2",2005,11,9,"0630",55.795,20.0582,,,"40H0",67,"","Y",""
8218,3979,"LA99","TVS",2,"1",2005,3,10,"0910",55.9412,20.4033,,,"40H0",37,"","Y",""
8218,3980,"LA99","TVS",2,"2",2005,11,9,"0730",55.8616,20.1033,,,"40H0",62,"","Y",""
8218,3981,"LA99","TVS",3,"1",2005,3,10,"1100",55.7967,20.46,,,"40H0",49,"","Y",""
8218,3982,"LA99","TVS",3,"2",2005,11,9,"0930",55.7817,20.3233,,,"40H0",55,"","Y",""
8218,3983,"LA99","TVS",4,"1",2005,3,10,"1205",55.7582,20.37,,,"40H0",54,"","Y",""
8218,3984,"LA99","TVS",4,"2",2005,11,9,"1015",55.7582,20.3482,,,"40H0",58,"","Y",""
8218,3985,"LA99","TVS",5,"1",2005,3,10,"1255",55.7633,20.3333,,,"40H0",57,"","Y",""
8218,3986,"LA99","TVS",5,"2",2005,11,9,"1150",55.6633,20.2899,,,"40H0",73,"","Y",""
8218,3987,"LA99","TVS",6,"1",2005,3,10,"1410",55.6567,20.2783,,,"40H0",72,"","Y",""
8218,3988,"LA99","TVS",6,"2",2005,11,9,"1235",55.6482,20.245,,,"40H0",74,"","Y",""
8218,3989,"LA99","TVS",7,"1",2005,3,10,"1450",55.6433,20.2483,,,"40H0",73,"","Y",""
8218,3990,"LA99","TVS",7,"2",2005,11,9,"1330",55.6582,20.1499,,,"40H0",76,"","Y",""
8218,3991,"LA99","TVS",8,"1",2005,3,11,"0550",56.2999,19.5249,,,"41G9",133,"","Y",""
8218,3992,"LA99","TVS",8,"2",2005,11,10,"0600",56.2167,19.5117,,,"41G9",107,"","Y",""
8218,3993,"LA99","TVS",9,"1",2005,3,11,"0700",56.3716,19.4833,,,"41G9",146,"","Y",""
8218,3994,"LA99","TVS",9,"2",2005,11,10,"1200",56.63,20.6332,,,"42H0",53,"","Y",""
8218,3995,"LA99","TVS",10,"1",2005,3,11,"1055",56.5632,20.4233,,,"42H0",76,"","Y",""
8218,3996,"LA99","TVS",10,"2",2005,11,10,"1305",56.6467,20.6649,,,"42H0",53,"","Y",""
8218,3997,"LA99","TVS",11,"1",2005,3,11,"1225",56.6317,20.6332,,,"42H0",53,"","Y",""
8218,3998,"LA99","TVS",11,"2",2005,11,10,"1400",56.6766,20.7067,,,"42H0",50,"","Y",""
8218,3999,"LA99","TVS",12,"1",2005,3,11,"1325",56.6467,20.6649,,,"42H0",51,"","Y",""
8218,4000,"LA99","TVS",12,"2",2005,11,12,"0635",56.6049,20.6917,,,"42H0",42,"","Y",""
8218,4001,"LA99","TVS",13,"1",2005,3,11,"1405",56.6766,20.7067,,,"42H0",48,"","Y",""
8218,4002,"LA99","TVS",13,"2",2005,11,12,"0730",56.6499,20.7382,,,"42H0",43,"","Y",""
8218,4003,"LA99","TVS",14,"1",2005,3,11,"1500",56.6732,20.7467,,,"42H0",42,"","Y",""
8218,4004,"LA99","TVS",14,"2",2005,11,12,"0850",56.7717,20.77,,,"42H0",50,"","Y",""
8218,4005,"LA99","TVS",15,"1",2005,3,12,"0540",57.0116,20.7867,,,"43H0",70,"","Y",""
8218,4006,"LA99","TVS",18,"1",2005,3,13,"0550",57.4249,21.2899,,,"43H1",55,"","Y",""
8218,4007,"LA99","TVS",19,"1",2005,3,13,"0705",57.3767,21.2732,,,"43H1",64,"","Y",""
8218,4008,"LA99","TVS",19,"2",2005,11,16,"0820",57.9033,21.4699,,,"44H1",62,"","Y",""
8218,4009,"LA99","TVS",20,"1",2005,3,13,"0845",57.2383,21.1017,,,"43H1",58,"","Y",""
8218,4010,"LA99","TVS",21,"2",2005,11,16,"0955",57.9117,21.5667,,,"44H1",54,"","Y",""
8218,4011,"LA99","TVS",22,"1",2005,3,13,"1030",57.2267,21.0367,,,"43H1",44,"","Y",""
8218,4012,"LA99","TVS",23,"1",2005,3,13,"1200",57.3333,20.9217,,,"43H0",63,"","Y",""
8218,4013,"LA99","TVS",23,"2",2005,11,16,"1345",57.5167,21.4233,,,"44H1",24,"","Y",""
8218,4014,"LA99","TVS",24,"2",2005,11,17,"0545",57.2766,21.0267,,,"43H1",62,"","Y",""
8218,4015,"LA99","TVS",25,"1",2005,3,13,"1425",57.21,20.7199,,,"43H0",79,"","Y",""
8218,4016,"LA99","TVS",25,"2",2005,11,17,"0635",57.2383,21.1017,,,"43H1",56,"","Y",""
8218,4017,"LA99","TVS",27,"2",2005,11,17,"0830",57.2267,21.0367,,,"43H1",46,"","Y",""
8218,4018,"LA99","TVS",28,"1",2005,3,14,"0840",58.0232,20.9732,,,"45H0",82,"","Y",""
8218,4019,"LA99","TVS",28,"2",2005,11,17,"1035",57.3367,21.2867,,,"43H1",52,"","Y",""
8218,4020,"LA99","TVS",29,"1",2005,3,14,"1120",57.8999,21.4182,,,"44H1",61,"","Y",""
8218,4021,"LA99","TVS",29,"2",2005,11,17,"1115",57.3767,21.2732,,,"43H1",62,"","Y",""
8218,4022,"LA99","TVS",30,"1",2005,3,14,"1210",57.9117,21.4983,,,"44H1",59,"","Y",""
8218,4023,"LA99","TVS",31,"1",2005,3,14,"1300",57.9117,21.5782,,,"44H1",52,"","Y",""
8218,4024,"LA99","TVS",33,"1",2005,3,15,"0605",56.9399,20.395,,,"42H0",87,"","Y",""
8219,4025,"LA99","TVS",1,"1",2004,3,13,"0155",55.7667,20.4332,,,"40H0",50,"","Y",""
8219,4026,"LA99","TVS",1,"2",2004,11,3,"0525",55.7517,20.3632,,,"40H0",55,"","Y",""
8219,4027,"LA99","TVS",2,"1",2004,3,13,"0320",55.75,20.3667,,,"40H0",55,"","Y",""
8219,4028,"LA99","TVS",2,"2",2004,11,3,"0700",55.7867,20.16,,,"40H0",58,"","Y",""
8219,4029,"LA99","TVS",3,"1",2004,3,13,"0510",55.6499,20.2833,,,"40H0",72,"","Y",""
8219,4030,"LA99","TVS",3,"2",2004,11,3,"0900",55.64,20.2767,,,"40H0",71,"","Y",""
8219,4031,"LA99","TVS",4,"1",2004,3,13,"0655",55.6499,20.1332,,,"40H0",76,"","Y",""
8219,4032,"LA99","TVS",5,"1",2004,3,13,"0745",55.6833,20.0833,,,"40H0",75,"","Y",""
8219,4033,"LA99","TVS",5,"2",2004,11,3,"1120",55.6766,20.0883,,,"40H0",74,"","Y",""
8219,4034,"LA99","TVS",6,"1",2004,3,13,"0850",55.7167,20,,,"40H0",75,"","Y",""
8219,4035,"LA99","TVS",6,"2",2004,11,3,"1225",55.7449,20.0216,,,"40H0",69,"","Y",""
8219,4036,"LA99","TVS",7,"1",2004,3,13,"1005",55.75,20.05,,,"40H0",70,"","Y",""
8219,4037,"LA99","TVS",7,"2",2004,11,3,"1330",55.7832,20.0667,,,"40H0",64,"","Y",""
8219,4038,"LA99","TVS",8,"1",2004,3,13,"0915",55.7999,20.0667,,,"40H0",65,"","Y",""
8219,4039,"LA99","TVS",8,"2",2004,11,3,"1440",55.8616,20.1017,,,"40H0",60,"","Y",""
8219,4040,"LA99","TVS",9,"1",2004,3,14,"0145",56.6499,20.7333,,,"42H0",38,"","Y",""
8219,4041,"LA99","TVS",11,"1",2004,3,14,"0400",56.6332,20.6332,,,"42H0",56,"","Y",""
8219,4042,"LA99","TVS",11,"2",2004,11,4,"1010",56.5183,20.23,,,"42H0",84,"","Y",""
8219,4043,"LA99","TVS",12,"1",2004,3,14,"0520",56.5833,20.5667,,,"42H0",63,"","Y",""
8219,4044,"LA99","TVS",12,"2",2004,11,4,"1200",56.67,20.4182,,,"42H0",74,"","Y",""
8219,4045,"LA99","TVS",13,"1",2004,3,14,"0610",56.6666,20.4166,,,"42H0",72,"","Y",""
8219,4046,"LA99","TVS",13,"2",2004,11,4,"1310",56.5867,20.5,,,"42H0",64,"","Y",""
8219,4047,"LA99","TVS",14,"1",2004,3,14,"0905",56.9833,20.8,,,"42H0",59,"","Y",""
8219,4048,"LA99","TVS",14,"2",2004,11,4,"1415",56.6083,20.6983,,,"42H0",38,"","Y",""
8219,4049,"LA99","TVS",15,"1",2004,3,14,"1025",57.0332,20.5333,,,"43H0",79,"","Y",""
8219,4050,"LA99","TVS",15,"2",2004,11,4,"1510",56.6732,20.7232,,,"42H0",43,"","Y",""
8219,4051,"LA99","TVS",16,"1",2004,3,14,"1115",57.1332,20.5833,,,"43H0",92,"","Y",""
8219,4052,"LA99","TVS",17,"1",2004,3,14,"1230",57.2,20.6666,,,"43H0",78,"","Y",""
8219,4053,"LA99","TVS",18,"1",2004,3,14,"1323",57.2333,20.75,,,"43H0",71,"","Y",""
8219,4054,"LA99","TVS",19,"1",2004,3,14,"1420",57.2832,20.6999,,,"43H0",73,"","Y",""
8219,4055,"LA99","TVS",20,"1",2004,3,15,"0125",57.0332,21.1167,,,"43H1",30,"","Y",""
8219,4056,"LA99","TVS",22,"1",2004,3,15,"0340",57.2667,21.0167,,,"43H1",56,"","Y",""
8219,4057,"LA99","TVS",23,"1",2004,3,15,"0445",57.2,21.0167,,,"43H1",64,"","Y",""
8219,4058,"LA99","TVS",24,"1",2004,3,15,"0605",57.3667,21.3167,,,"43H1",42,"","Y",""
8219,4059,"LA99","TVS",25,"1",2004,3,15,"0700",57.3667,21.25,,,"43H1",37,"","Y",""
8219,4060,"LA99","TVS",27,"1",2004,3,15,"0910",57.4333,21.2833,,,"43H1",50,"","Y",""
8219,4061,"LA99","TVS",28,"1",2004,3,15,"1030",57.4667,21.1666,,,"43H1",66,"","Y",""
8219,4062,"LA99","TVS",29,"1",2004,3,17,"0235",57.35,20.8832,,,"43H0",61,"","Y",""
8219,4063,"LA99","TVS",30,"1",2004,3,17,"0440",57.4667,21.0333,,,"43H1",68,"","Y",""
8219,4064,"LA99","TVS",31,"1",2004,3,17,"0635",57.6666,20.9166,,,"44H0",76,"","Y",""
8220,4065,"LA99","TVS",1,"2",2003,11,22,"0220",55.7667,20.3167,,,"40H0",53,"","Y",""
8220,4066,"LA99","TVS",2,"2",2003,11,22,"0325",55.75,20.3333,,,"40H0",56,"","Y",""
8220,4067,"LA99","TVS",3,"2",2003,11,22,"0455",55.6499,20.2833,,,"40H0",72,"","Y",""
8220,4068,"LA99","TVS",4,"2",2003,11,22,"0600",55.6499,20.1499,,,"40H0",75,"","Y",""
8220,4069,"LA99","TVS",5,"1",2003,2,26,"0600",56.6332,20.5667,,,"42H0",57,"","Y",""
8220,4070,"LA99","TVS",5,"2",2003,11,22,"0655",55.6666,20.0833,,,"40H0",75,"","Y",""
8220,4071,"LA99","TVS",6,"1",2003,2,26,"0655",56.6332,20.5833,,,"42H0",55,"","Y",""
8220,4072,"LA99","TVS",7,"1",2003,2,26,"0750",56.6499,20.6666,,,"42H0",49,"","Y",""
8220,4073,"LA99","TVS",7,"2",2003,11,22,"0850",55.75,20.0167,,,"40H0",70,"","Y",""
8220,4074,"LA99","TVS",8,"2",2003,11,22,"1145",55.7832,20.0667,,,"40H0",65,"","Y",""
8220,4075,"LA99","TVS",9,"2",2003,11,22,"1050",55.8667,20.0833,,,"40H0",60,"","Y",""
8220,4076,"LA99","TVS",10,"2",2003,11,23,"0210",56.3667,19.6999,,,"41G9",115,"","Y",""
8220,4077,"LA99","TVS",11,"2",2003,11,23,"0340",56.3667,19.5667,,,"41G9",144,"","Y",""
8220,4078,"LA99","TVS",12,"2",2003,11,23,"0710",56.5,20.2166,,,"42H0",90,"","Y",""
8220,4079,"LA99","TVS",13,"2",2003,11,23,"0905",56.5833,20.5,,,"42H0",68,"","Y",""
8220,4080,"LA99","TVS",14,"2",2003,11,23,"0950",56.6167,20.5333,,,"42H0",66,"","Y",""
8220,4081,"LA99","TVS",15,"2",2003,11,23,"1050",56.6499,20.6666,,,"42H0",51,"","Y",""
8220,4082,"LA99","TVS",16,"2",2003,11,23,"1135",56.6666,20.6999,,,"42H0",48,"","Y",""
8220,4083,"LA99","TVS",17,"1",2003,2,28,"0750",57.2999,20.6832,,,"43H0",74,"","Y",""
8220,4084,"LA99","TVS",18,"1",2003,2,28,"0845",57.3333,20.7166,,,"43H0",73,"","Y",""
8220,4085,"LA99","TVS",19,"1",2003,2,28,"1045",57.3166,20.9166,,,"43H0",62,"","Y",""
8220,4086,"LA99","TVS",19,"2",2003,11,24,"0455",57.1833,20.7166,,,"43H0",77,"","Y",""
8220,4087,"LA99","TVS",20,"1",2003,2,28,"1135",57.3286,20.98,,,"43H0",66,"","Y",""
8220,4088,"LA99","TVS",20,"2",2003,11,24,"0545",57.2167,20.6832,,,"43H0",80,"","Y",""
8220,4089,"LA99","TVS",21,"1",2003,2,28,"1225",57.2999,21.0333,,,"43H1",66,"","Y",""
8220,4090,"LA99","TVS",21,"2",2003,11,24,"1105",57.2333,21.1,,,"43H1",53,"","Y",""
8220,4091,"LA99","TVS",22,"1",2003,3,1,"0305",57.2832,21.0167,,,"43H1",62,"","Y",""
8220,4092,"LA99","TVS",22,"2",2003,11,25,"0235",57.2999,21.0833,,,"43H1",65,"","Y",""
8220,4093,"LA99","TVS",23,"1",2003,3,1,"0405",57.3166,21.05,,,"43H1",66,"","Y",""
8220,4094,"LA99","TVS",23,"2",2003,11,25,"0355",57.35,21.2166,,,"43H1",53,"","Y",""
8220,4095,"LA99","TVS",24,"1",2003,3,1,"0600",57.35,21.1999,,,"43H1",66,"","Y",""
8220,4096,"LA99","TVS",25,"1",2003,3,1,"0700",57.3667,21.2667,,,"43H1",52,"","Y",""
8220,4097,"LA99","TVS",25,"2",2003,11,25,"0555",57.4833,21.4332,,,"43H1",23,"","Y",""
8221,4098,"LA99","TVS",1,"1",2002,3,15,"0225",56.5833,20.5,,,"42H0",70,"","Y",""
8221,4099,"LA99","TVS",1,"2",2002,11,27,"0220",56.6,20.4666,,,"42H0",68,"","Y",""
8221,4100,"LA99","TVS",2,"1",2002,3,15,"0320",56.6167,20.55,,,"42H0",67,"","Y",""
8221,4101,"LA99","TVS",2,"2",2002,11,27,"0420",56.6499,20.4666,,,"42H0",72,"","Y",""
8221,4102,"LA99","TVS",3,"1",2002,3,15,"0414",56.6332,20.5667,,,"42H0",50,"","Y",""
8221,4103,"LA99","TVS",3,"2",2002,11,27,"0505",56.6332,20.5833,,,"42H0",55,"","Y",""
8221,4104,"LA99","TVS",4,"1",2002,3,15,"0509",56.6499,20.6,,,"42H0",52,"","Y",""
8221,4105,"LA99","TVS",4,"2",2002,11,27,"0555",56.5833,20.5667,,,"42H0",54,"","Y",""
8221,4106,"LA99","TVS",5,"1",2002,3,15,"0605",56.6167,20.6332,,,"42H0",39,"","Y",""
8221,4107,"LA99","TVS",5,"2",2002,11,27,"0645",56.6167,20.6332,,,"42H0",52,"","Y",""
8221,4108,"LA99","TVS",6,"1",2002,3,15,"0653",56.6,20.6832,,,"42H0",38,"","Y",""
8221,4109,"LA99","TVS",7,"1",2002,3,15,"0751",56.6167,20.6999,,,"42H0",34,"","Y",""
8221,4110,"LA99","TVS",7,"2",2002,11,27,"0830",56.6167,20.6666,,,"42H0",37,"","Y",""
8221,4111,"LA99","TVS",8,"1",2002,3,15,"0850",56.6332,20.75,,,"42H0",40,"","Y",""
8221,4112,"LA99","TVS",8,"2",2002,11,27,"0915",56.6332,20.7333,,,"42H0",39,"","Y",""
8221,4113,"LA99","TVS",9,"1",2002,3,15,"1141",56.9833,20.8,,,"42H0",73,"","Y",""
8221,4114,"LA99","TVS",9,"2",2002,11,27,"1220",56.9833,20.8,,,"42H0",69,"","Y",""
8221,4115,"LA99","TVS",10,"1",2002,3,15,"1237",57.0332,20.7833,,,"43H0",69,"","Y",""
8221,4116,"LA99","TVS",11,"1",2002,3,15,"1422",57.2333,20.75,,,"43H0",53,"","Y",""
8221,4117,"LA99","TVS",11,"2",2002,11,28,"0330",57.0499,20.6167,,,"43H0",89,"","Y",""
8221,4118,"LA99","TVS",12,"2",2002,11,28,"0420",57.1167,20.6167,,,"43H0",88,"","Y",""
8221,4119,"LA99","TVS",13,"2",2002,11,28,"0510",57.1167,20.6499,,,"43H0",86,"","Y",""
8221,4120,"LA99","TVS",14,"2",2002,11,28,"0610",57.2,20.6666,,,"43H0",83,"","Y",""
8221,4121,"LA99","TVS",16,"1",2002,3,16,"0715",57.35,20.8832,,,"43H0",63,"","Y",""
8221,4122,"LA99","TVS",16,"2",2002,11,28,"0830",57.3166,20.9166,,,"43H0",62,"","Y",""
8221,4123,"LA99","TVS",17,"1",2002,3,16,"0809",57.3166,20.3333,,,"43H0",41,"","Y",""
8221,4124,"LA99","TVS",17,"2",2002,11,28,"0920",57.3166,20.9499,,,"43H0",64,"","Y",""
8221,4125,"LA99","TVS",18,"1",2002,3,16,"0900",57.2667,21.0167,,,"43H1",54,"","Y",""
8221,4126,"LA99","TVS",18,"2",2002,11,28,"1005",57.2832,20.9499,,,"43H0",62,"","Y",""
8221,4127,"LA99","TVS",19,"1",2002,3,16,"1000",57.3166,21.1,,,"43H1",52,"","Y",""
8221,4128,"LA99","TVS",19,"2",2002,11,28,"1100",57.2667,21.0167,,,"43H1",54,"","Y",""
8221,4129,"LA99","TVS",20,"1",2002,3,16,"1051",57.2,21.1167,,,"43H1",34,"","Y",""
8221,4130,"LA99","TVS",20,"2",2002,11,28,"1145",57.2832,21.0333,,,"43H1",50,"","Y",""
8221,4131,"LA99","TVS",21,"1",2002,3,16,"1142",57.2333,21.0667,,,"43H1",37,"","Y",""
8221,4132,"LA99","TVS",23,"1",2002,3,17,"0223",57.3667,21.25,,,"43H1",64,"","Y",""
8221,4133,"LA99","TVS",23,"2",2002,11,29,"0225",57.4166,21.35,,,"43H1",28,"","Y",""
8221,4134,"LA99","TVS",24,"1",2002,3,17,"0326",57.3999,21.35,,,"43H1",28,"","Y",""
8221,4135,"LA99","TVS",25,"1",2002,3,17,"0415",57.45,21.3,,,"43H1",37,"","Y",""
8221,4136,"LA99","TVS",25,"2",2002,11,29,"0415",57.35,21.1999,,,"43H1",66,"","Y",""
8222,4137,"LA99","TVS",1,"2",2001,11,25,"0550",56.6332,20.6,,,"42H0",63,"","Y",""
8222,4138,"LA99","TVS",2,"2",2001,11,25,"0700",56.6167,20.6499,,,"42H0",45,"","Y",""
8222,4139,"LA99","TVS",3,"2",2001,11,25,"0750",56.6167,20.6999,,,"42H0",39,"","Y",""
8222,4140,"LA99","TVS",4,"1",2001,3,10,"0757",57.1332,20.6499,,,"43H0",87,"","Y",""
8222,4141,"LA99","TVS",4,"2",2001,11,25,"0840",56.6499,20.75,,,"42H0",40,"","Y",""
8222,4142,"LA99","TVS",5,"1",2001,3,10,"0909",57.2167,20.6832,,,"43H0",84,"","Y",""
8222,4143,"LA99","TVS",5,"2",2001,11,25,"0925",56.6666,20.7667,,,"42H0",40,"","Y",""
8222,4144,"LA99","TVS",6,"2",2001,11,25,"1010",56.6833,20.75,,,"42H0",47,"","Y",""
8222,4145,"LA99","TVS",7,"2",2001,11,25,"1055",56.6499,20.6832,,,"42H0",51,"","Y",""
8222,4146,"LA99","TVS",8,"1",2001,3,10,"1200",57.3832,20.7166,,,"43H0",70,"","Y",""
8222,4147,"LA99","TVS",8,"2",2001,11,25,"1140",56.6499,20.6332,,,"42H0",59,"","Y",""
8222,4148,"LA99","TVS",9,"1",2001,3,12,"0428",56.6,20.5833,,,"42H0",56,"","Y",""
8222,4149,"LA99","TVS",9,"2",2001,11,25,"1225",56.6332,20.6167,,,"42H0",60,"","Y",""
8222,4150,"LA99","TVS",10,"2",2001,11,25,"1310",56.6332,20.6499,,,"42H0",51,"","Y",""
8222,4151,"LA99","TVS",11,"1",2001,3,12,"0842",56.6499,20.6999,,,"42H0",48,"","Y",""
8222,4152,"LA99","TVS",11,"2",2001,11,26,"0600",57.2,20.7166,,,"43H0",78,"","Y",""
8222,4153,"LA99","TVS",12,"1",2001,3,12,"0930",56.6332,20.6499,,,"42H0",50,"","Y",""
8222,4154,"LA99","TVS",12,"2",2001,11,26,"0645",57.2333,20.7166,,,"43H0",78,"","Y",""
8222,4155,"LA99","TVS",13,"1",2001,3,12,"1020",56.6499,20.6332,,,"42H0",55,"","Y",""
8222,4156,"LA99","TVS",13,"2",2001,11,26,"0730",57.2667,20.6999,,,"43H0",77,"","Y",""
8222,4157,"LA99","TVS",14,"2",2001,11,26,"0815",57.2999,20.6999,,,"43H0",76,"","Y",""
8222,4158,"LA99","TVS",15,"1",2001,3,12,"1205",56.6332,20.6167,,,"42H0",55,"","Y",""
8222,4159,"LA99","TVS",15,"2",2001,11,26,"0900",57.35,20.7166,,,"43H0",74,"","Y",""
8222,4160,"LA99","TVS",16,"1",2001,3,12,"1255",56.6332,20.6,,,"42H0",57,"","Y",""
8222,4161,"LA99","TVS",16,"2",2001,11,26,"0950",57.3832,20.7333,,,"43H0",71,"","Y",""
8222,4162,"LA99","TVS",17,"1",2001,3,13,"0630",57.2333,21.1,,,"43H1",59,"","Y",""
8222,4163,"LA99","TVS",17,"2",2001,11,26,"1125",57.3166,20.9332,,,"43H0",64,"","Y",""
8222,4164,"LA99","TVS",18,"1",2001,3,13,"0719",57.2667,21.1,,,"43H1",65,"","Y",""
8222,4165,"LA99","TVS",18,"2",2001,11,26,"1200",57.1899,21.03,,,"43H1",66,"","Y",""
8222,4166,"LA99","TVS",19,"1",2001,3,13,"0805",57.2832,21.05,,,"43H1",67,"","Y",""
8222,4167,"LA99","TVS",19,"2",2001,11,26,"1255",57.2999,21.0667,,,"43H1",66,"","Y",""
8222,4168,"LA99","TVS",20,"1",2001,3,13,"0852",57.2999,20.9833,,,"43H0",66,"","Y",""
8222,4169,"LA99","TVS",20,"2",2001,11,26,"1355",57.25,21.1167,,,"43H1",60,"","Y",""
8222,4170,"LA99","TVS",21,"1",2001,3,13,"1115",57.35,21.2166,,,"43H1",67,"","Y",""
8222,4171,"LA99","TVS",21,"2",2001,11,27,"0600",57.0499,21.1167,,,"43H1",31,"","Y",""
8222,4172,"LA99","TVS",22,"1",2001,3,13,"1200",57.3667,21.2667,,,"43H1",54,"","Y",""
8222,4173,"LA99","TVS",22,"2",2001,11,27,"0645",57.0833,21.1332,,,"43H1",33,"","Y",""
8222,4174,"LA99","TVS",23,"2",2001,11,27,"0810",57.2167,21.1332,,,"43H1",36,"","Y",""
8222,4175,"LA99","TVS",24,"1",2001,3,13,"1323",57.4333,21.2667,,,"43H1",66,"","Y",""
8222,4176,"LA99","TVS",25,"1",2001,3,13,"1405",57.4667,21.2333,,,"43H1",69,"","Y",""
8222,4177,"LA99","TVS",25,"2",2001,11,27,"0940",57.25,21.1332,,,"43H1",53,"","Y",""
8222,4178,"LA99","TVS",26,"1",2001,3,14,"0244",57.7667,21.3832,,,"44H1",74,"","Y",""
8222,4179,"LA99","TVS",27,"1",2001,3,14,"0330",57.7832,21.3832,,,"44H1",75,"","Y",""
8222,4180,"LA99","TVS",28,"1",2001,3,14,"0435",57.75,21.4332,,,"44H1",68,"","Y",""
8223,4181,"LA99","LBT",1,"1",2000,3,18,"0133",56.5,20.2667,,,"42H0",84,"","Y",""
8223,4182,"LA99","LBT",1,"2",2000,11,23,"0435",55.9833,19.2667,,,"40G9",86,"","Y",""
8223,4183,"LA99","LBT",2,"1",2000,3,18,"0250",56.4667,20.1499,,,"41H0",88,"","Y",""
8223,4184,"LA99","LBT",2,"2",2000,11,23,"0530",55.9833,19.2833,,,"40G9",86,"","Y",""
8223,4185,"LA99","LBT",3,"1",2000,3,18,"0400",56.4667,20.0667,,,"41H0",93,"","Y",""
8223,4186,"LA99","LBT",3,"2",2000,11,23,"0625",55.9833,19.35,,,"40G9",78,"","Y",""
8223,4187,"LA99","LBT",4,"1",2000,3,18,"0502",56.45,20,,,"41H0",96,"","Y",""
8223,4188,"LA99","LBT",4,"2",2000,11,23,"0720",56,19.3999,,,"41G9",73,"","Y",""
8223,4189,"LA99","LBT",5,"2",2000,11,23,"0810",56.0332,19.4499,,,"41G9",71,"","Y",""
8223,4190,"LA99","LBT",6,"1",2000,3,18,"0700",56.3999,19.8999,,,"41G9",98,"","Y",""
8223,4191,"LA99","LBT",6,"2",2000,11,23,"0905",56.0666,19.4833,,,"41G9",63,"","Y",""
8223,4192,"LA99","LBT",7,"2",2000,11,23,"0955",56.1,19.55,,,"41G9",67,"","Y",""
8223,4193,"LA99","LBT",8,"1",2000,3,18,"0927",56.35,19.75,,,"41G9",94,"","Y",""
8223,4194,"LA99","LBT",9,"2",2000,11,23,"1145",56.1833,19.6167,,,"41G9",65,"","Y",""
8223,4195,"LA99","LBT",10,"1",2000,3,18,"1140",56.2999,19.6167,,,"41G9",105,"","Y",""
8223,4196,"LA99","LBT",10,"2",2000,11,23,"1235",56.2167,19.6499,,,"41G9",66,"","Y",""
8223,4197,"LA99","LBT",12,"1",2000,3,19,"0135",56.6167,20.6,,,"42H0",62,"","Y",""
8223,4198,"LA99","TVS",13,"1",2000,3,19,"0254",56.6167,20.6,,,"42H0",62,"","Y",""
8223,4199,"LA99","TVS",14,"1",2000,3,19,"0358",56.6167,20.5667,,,"42H0",67,"","Y",""
8223,4200,"LA99","LBT",14,"2",2000,11,24,"0635",56.6332,20.5667,,,"42H0",69,"","Y",""
8223,4201,"LA99","LBT",15,"1",2000,3,19,"0512",56.6167,20.5667,,,"42H0",67,"","Y",""
8223,4202,"LA99","TVS",17,"1",2000,3,19,"0724",56.6167,20.6332,,,"42H0",51,"","Y",""
8223,4203,"LA99","LBT",17,"2",2000,11,24,"1000",56.6,20.6832,,,"42H0",40,"","Y",""
8223,4204,"LA99","TVS",18,"1",2000,3,19,"0814",56.6167,20.6999,,,"42H0",40,"","Y",""
8223,4205,"LA99","LBT",19,"2",2000,11,24,"1145",56.6332,20.5833,,,"42H0",50,"","Y",""
8223,4206,"LA99","TVS",21,"1",2000,3,19,"1117",56.6332,20.75,,,"42H0",40,"","Y",""
8223,4207,"LA99","TVS",22,"1",2000,3,19,"1242",56.6167,20.6,,,"42H0",55,"","Y",""
8223,4208,"LA99","LBT",23,"1",2000,3,19,"1342",56.6167,20.6,,,"42H0",55,"","Y",""
8223,4209,"LA99","TVS",23,"2",2000,11,24,"1615",56.6332,20.5833,,,"42H0",50,"","Y",""
8223,4210,"LA99","LBT",25,"1",2000,3,20,"0238",57.1833,20.6666,,,"43H0",90,"","Y",""
8223,4211,"LA99","LBT",25,"2",2000,11,25,"0500",57.0499,20.7667,,,"43H0",68,"","Y",""
8223,4212,"LA99","LBT",26,"1",2000,3,20,"0344",57.2167,20.6999,,,"43H0",84,"","Y",""
8223,4213,"LA99","LBT",26,"2",2000,11,25,"0555",57.1167,20.7333,,,"43H0",72,"","Y",""
8223,4214,"LA99","LBT",27,"1",2000,3,20,"0540",57.2999,21.0333,,,"43H1",67,"","Y",""
8223,4215,"LA99","LBT",27,"2",2000,11,25,"0650",57.1332,20.7333,,,"43H0",68,"","Y",""
8223,4216,"LA99","TVS",28,"1",2000,3,20,"0703",57.2999,21.0333,,,"43H1",67,"","Y",""
8223,4217,"LA99","TVS",29,"1",2000,3,20,"0829",57.2667,21.0833,,,"43H1",65,"","Y",""
8223,4218,"LA99","LBT",30,"1",2000,3,20,"0953",57.2667,21.0833,,,"43H1",65,"","Y",""
8223,4219,"LA99","LBT",31,"1",2000,3,20,"1117",57.25,21.1499,,,"43H1",55,"","Y",""
8223,4220,"LA99","TVS",31,"2",2000,11,25,"1105",56.6332,20.6,,,"42H0",70,"","Y",""
8223,4221,"LA99","TVS",32,"1",2000,3,20,"1236",57.25,21.1499,,,"43H1",55,"","Y",""
8223,4222,"LA99","TVS",33,"1",2000,3,20,"1407",57.3166,21.2333,,,"43H1",60,"","Y",""
8223,4223,"LA99","LBT",34,"1",2000,3,20,"1507",57.3166,21.2333,,,"43H1",60,"","Y",""
8223,4224,"LA99","LBT",35,"1",2000,3,21,"0127",57.35,21.2166,,,"43H1",68,"","Y",""
8223,4225,"LA99","TVS",36,"1",2000,3,21,"0246",57.35,21.2166,,,"43H1",68,"","Y",""
8223,4226,"LA99","TVS",36,"2",2000,11,26,"0500",57.25,21.0833,,,"43H1",60,"","Y",""
8223,4227,"LA99","TVS",37,"1",2000,3,21,"0400",57.35,21.2667,,,"43H1",50,"","Y",""
8223,4228,"LA99","TVS",38,"2",2000,11,26,"0645",57.3166,20.9666,,,"43H0",64,"","Y",""
8223,4229,"LA99","LBT",42,"1",2000,3,21,"0924",57.4667,21.2833,,,"43H1",62,"","Y",""
8223,4230,"LA99","LBT",42,"2",2000,11,26,"1150",57.3166,20.9666,,,"43H0",64,"","Y",""
8224,4231,"LA99","LBT",2,"1",1999,3,27,"0335",56.5332,20.3167,,,"42H0",89,"","N",""
8224,4232,"LA99","LBT",3,"1",1999,3,27,"0515",56.5833,20.4499,,,"42H0",77,"","N",""
8224,4233,"LA99","LBT",4,"1",1999,3,27,"0655",56.6167,20.6167,,,"42H0",61,"","N",""
8224,4234,"LA99","LBT",5,"1",1999,3,27,"0845",56.5332,20.5167,,,"42H0",55,"","N",""
8224,4235,"LA99","LBT",6,"1",1999,3,27,"1040",56.45,20.3167,,,"41H0",67,"","N",""
8224,4236,"LA99","LBT",7,"1",1999,3,27,"1220",56.3667,20.1499,,,"41H0",74,"","N",""
8224,4237,"LA99","LBT",8,"1",1999,3,27,"1340",56.35,20.0167,,,"41H0",76,"","N",""
8224,4238,"LA99","LBT",9,"1",1999,3,28,"0215",56,19.2166,,,"41G9",108,"","N",""
8224,4239,"LA99","LBT",10,"1",1999,3,28,"0400",56.0332,19.4166,,,"41G9",84,"","N",""
8224,4240,"LA99","LBT",11,"1",1999,3,28,"0540",56.1167,19.4833,,,"41G9",70,"","N",""
8224,4241,"LA99","LBT",12,"1",1999,3,28,"0730",56.2333,19.5333,,,"41G9",100,"","N",""
8224,4242,"LA99","LBT",13,"1",1999,3,28,"0910",56.3166,19.6332,,,"41G9",102,"","N",""
8224,4243,"LA99","LBT",16,"1",1999,3,29,"0215",56.9833,20.4499,,,"42H0",84,"","N",""
8224,4244,"LA99","LBT",17,"1",1999,3,29,"0400",57.0332,20.5667,,,"43H0",85,"","N",""
8224,4245,"LA99","TVS",18,"1",1999,3,29,"0515",57.0332,20.5667,,,"43H0",85,"","N",""
8224,4246,"LA99","TVS",19,"1",1999,3,29,"0630",57.0833,20.6167,,,"43H0",90,"","N",""
8224,4247,"LA99","LBT",21,"1",1999,3,29,"0920",57.1833,20.7166,,,"43H0",76,"","N",""
8224,4248,"LA99","TVS",22,"1",1999,3,29,"1025",57.1833,20.7166,,,"43H0",76,"","N",""
8224,4249,"LA99","LBT",27,"1",1999,4,3,"0900",57.1833,20.7166,,,"43H0",79,"","N",""
8224,4250,"LA99","TVS",28,"1",1999,4,3,"1020",57.1833,20.7166,,,"43H0",79,"","N",""
8224,4251,"LA99","TVS",29,"1",1999,4,3,"1120",57.2167,20.7333,,,"43H0",76,"","N",""
8224,4252,"LA99","LBT",30,"1",1999,4,3,"1235",57.2167,20.7333,,,"43H0",76,"","N",""
8224,4253,"LA99","LBT",31,"1",1999,4,3,"1340",57.2667,20.7333,,,"43H0",75,"","N",""
8224,4254,"LA99","TVS",32,"1",1999,4,3,"1455",57.2667,20.7333,,,"43H0",75,"","N",""
8224,4255,"LA99","LBT",34,"1",1999,4,4,"0420",57.0499,20.6499,,,"43H0",91,"","N",""
8224,4256,"LA99","LBT",35,"1",1999,4,4,"0620",57.3667,20.7166,,,"43H0",73,"","N",""
8224,4257,"LA99","LBT",36,"1",1999,4,4,"0820",57.35,20.8667,,,"43H0",62,"","N",""
8224,4258,"LA99","LBT",39,"1",1999,4,4,"1350",57.35,21.2667,,,"43H1",51,"","N",""
8224,4259,"LA99","LBT",1,"2",1999,11,18,"0518",57,20.8,,,"43H0",67,"","N",""
8224,4260,"LA99","LBT",2,"2",1999,11,18,"0803",57.2167,20.9833,,,"43H0",41,"","N",""
8224,4261,"LA99","LBT",3,"2",1999,11,18,"1008",57.25,21.0667,,,"43H1",62,"","N",""
8224,4262,"LA99","LBT",4,"2",1999,11,21,"0309",56.4667,20.35,,,"41H0",65,"","N",""
8224,4263,"LA99","LBT",5,"2",1999,11,21,"0416",56.4667,20.3,,,"41H0",73,"","N",""
8224,4264,"LA99","LBT",7,"2",1999,11,21,"0718",56.35,20.0833,,,"41H0",70,"","N",""
8224,4265,"LA99","LBT",8,"2",1999,11,21,"0818",56.3667,20.1332,,,"41H0",70,"","N",""
8224,4266,"LA99","LBT",9,"2",1999,11,21,"0929",56.3667,20.1832,,,"41H0",67,"","N",""
8224,4267,"LA99","LBT",10,"2",1999,11,21,"1038",56.3667,20.1832,,,"41H0",64,"","N",""
8224,4268,"LA99","LBT",11,"2",1999,11,23,"0255",56.6,20.6499,,,"42H0",46,"","N",""
8224,4269,"LA99","LBT",12,"2",1999,11,23,"0357",56.6167,20.6,,,"42H0",59,"","N",""
8224,4270,"LA99","LBT",13,"2",1999,11,23,"0453",56.6167,20.5833,,,"42H0",58,"","N",""
8224,4271,"LA99","TVS",15,"2",1999,11,23,"0751",56.6,20.6499,,,"42H0",46,"","N",""
8224,4272,"LA99","TVS",16,"2",1999,11,23,"0913",56.6167,20.6,,,"42H0",59,"","N",""
8224,4273,"LA99","TVS",17,"2",1999,11,23,"1025",56.6167,20.5833,,,"42H0",58,"","N",""
8224,4274,"LA99","LBT",19,"2",1999,11,24,"0329",57.3667,20.8999,,,"43H0",60,"","N",""
8224,4275,"LA99","LBT",20,"2",1999,11,24,"0440",57.3166,20.9833,,,"43H0",66,"","N",""
8224,4276,"LA99","LBT",21,"2",1999,11,24,"0601",57.3166,21.1999,,,"43H1",59,"","N",""
